4,1,2010,1989,1834
5,1,2010,2012,1856
6,1,2010,2030,1873
7,1,2010,2013,1859
8,1,2010,2054,1893
9,1,2010,2074,1957
10,1,2010,2050,1933
11,1,2010,2055,1939
12,1,2010,2063,1947
13,1,2010,2049,1933
14,1,2010,2049,1934
15,1,2010,2061,1944
16,1,2010,2032,1916
17,1,2010,2001,1889
18,1,2010,2021,1906
19,1,2010,2019,1905
20,1,2010,2029,1914
21,1,2010,2017,1903
22,1,2010,2003,1889
23,1,2010,2001,1888
24,1,2010,2041,1924
25,1,2010,2060,1943
26,1,2010,2042,1926
27,1,2010,1993,1881
28,1,2010,1985,1873
29,1,2010,1980,1867
30,1,2010,1993,1880
31,1,2010,1988,1876
1,2,2010,2020,1905
2,2,2010,2054,1938
3,2,2010,2027,1911
4,2,2010,2033,1918
5,2,2010,2072,1954
6,2,2010,2048,1931
7,2,2010,2034,1919
8,2,2010,2020,1905
9,2,2010,2050,1933
10,2,2010,2046,1931
11,2,2010,2070,1953
12,2,2010,2073,1956
13,2,2010,2057,1941
14,2,2010,2028,1914
15,2,2010,2024,1909
16,2,2010,1990,1877
17,2,2010,1973,1862
18,2,2010,1993,1880
19,2,2010,2015,1901
20,2,2010,2001,1887
21,2,2010,2013,1900
22,2,2010,1980,1867
23,2,2010,1985,1873
24,2,2010,1981,1869
25,2,2010,1955,1845
26,2,2010,1958,1847
27,2,2010,1951,1841
28,2,2010,2013,1898
1,3,2010,1973,1861
2,3,2010,1972,1859
3,3,2010,1964,1853
4,3,2010,1963,1852
5,3,2010,1996,1884
6,3,2010,1987,1875
7,3,2010,2006,1893
8,3,2010,2010,1895
9,3,2010,1993,1880
10,3,2010,1992,1880
11,3,2010,2006,1893
12,3,2010,1971,1859
13,3,2010,1974,1863
14,3,2010,1989,1875
15,3,2010,1976,1863
16,3,2010,1983,1871
17,3,2010,1987,1875
18,3,2010,2026,1910
19,3,2010,2020,1905
20,3,2010,2042,1926
21,3,2010,2046,1930
22,3,2010,2045,1928
23,3,2010,2066,1948
24,3,2010,2146,2024
25,3,2010,2102,1982
26,3,2010,2083,1964
27,3,2010,2131,2011
28,3,2010,2137,2015
29,3,2010,2134,2012
30,3,2010,2149,2026
31,3,2010,2138,2017
1,4,2010,2146,2024
2,4,2010,2103,1983
3,4,2010,2112,1992
4,4,2010,2116,1996
5,4,2010,2147,2024
6,4,2010,2183,2058
7,4,2010,2180,2056
8,4,2010,2136,2014
9,4,2010,2150,2027
10,4,2010,2189,2065
11,4,2010,2162,2038
12,4,2010,2136,2014
13,4,2010,2188,2063
14,4,2010,2229,2102
15,4,2010,2228,2101
16,4,2010,2212,2086
17,4,2010,2158,2035
18,4,2010,2168,2045
19,4,2010,2152,2029
20,4,2010,2168,2044
21,4,2010,2200,2075
22,4,2010,2184,2060
23,4,2010,2146,2024
24,4,2010,2161,2038
25,4,2010,2157,2034
26,4,2010,2176,2052
27,4,2010,2193,2068
28,4,2010,2165,2042
29,4,2010,2188,2065
30,4,2010,2176,2052
1,5,2010,2094,1974
2,5,2010,2111,1992
3,5,2010,2108,1988
4,5,2010,2067,1950
5,5,2010,2083,1965
6,5,2010,2063,1945
7,5,2010,2063,1945
8,5,2010,2063,1945
9,5,2010,2063,1945
10,5,2010,2063,1945
11,5,2010,2063,1945
12,5,2010,2063,1945
13,5,2010,2063,1945
14,5,2010,2063,1945
15,5,2010,2063,1945
16,5,2010,2089,1970
17,5,2010,2070,1952
18,5,2010,2087,1968
19,5,2010,2097,1977
20,5,2010,2094,1974
21,5,2010,2081,1963
22,5,2010,2061,1945
23,5,2010,2066,1949
24,5,2010,2067,1949
25,5,2010,2069,1951
26,5,2010,2055,1938
27,5,2010,2044,1929
28,5,2010,2007,1893
29,5,2010,2013,1899
30,5,2010,2016,1901
31,5,2010,2019,1904
1,6,2010,2018,1903
2,6,2010,2032,1917
3,6,2010,2047,1932
4,6,2010,2037,1922
5,6,2010,2045,1929
6,6,2010,2044,1928
7,6,2010,2051,1935
8,6,2010,2067,1949
9,6,2010,2083,1965
10,6,2010,2097,1978
11,6,2010,2100,1980
12,6,2010,2089,1971
13,6,2010,2082,1964
14,6,2010,2088,1970
15,6,2010,2082,1964
16,6,2010,2069,1952
17,6,2010,2094,1975
18,6,2010,2103,1983
19,6,2010,2100,1981
20,6,2010,2092,1973
21,6,2010,2118,1998
22,6,2010,2104,1985
23,6,2010,2112,1993
24,6,2010,2100,1980
25,6,2010,2108,1988
26,6,2010,2123,2004
27,6,2010,2109,1990
28,6,2010,2083,1966
29,6,2010,2093,1975
30,6,2010,2128,2008
1,7,2010,2143,2022
2,7,2010,2141,2020
3,7,2010,2144,2023
4,7,2010,2152,2031
5,7,2010,2157,2036
6,7,2010,2168,2046
7,7,2010,2165,2044
8,7,2010,2160,2038
9,7,2010,2182,2058
10,7,2010,2183,2059
11,7,2010,2181,2058
12,7,2010,2196,2074
13,7,2010,2199,2075
14,7,2010,2240,2114
15,7,2010,2246,2119
16,7,2010,2238,2112
17,7,2010,2257,2130
18,7,2010,2272,2144
19,7,2010,2264,2136
20,7,2010,2293,2163
21,7,2010,2300,2170
22,7,2010,2271,2143
23,7,2010,2289,2159
24,7,2010,2259,2131
25,7,2010,2263,2135
26,7,2010,2232,2106
27,7,2010,2240,2114
28,7,2010,2243,2117
29,7,2010,2252,2124
30,7,2010,2232,2106
31,7,2010,2251,2124
1,8,2010,2280,2151
2,8,2010,2265,2137
3,8,2010,2263,2136
4,8,2010,2247,2120
5,8,2010,2329,2198
6,8,2010,2358,2224
7,8,2010,2341,2208
8,8,2010,2339,2207
9,8,2010,2353,2220
10,8,2010,2313,2183
11,8,2010,2307,2176
12,8,2010,2280,2150
13,8,2010,2289,2160
14,8,2010,2282,2152
15,8,2010,2296,2166
16,8,2010,2328,2197
17,8,2010,2328,2197
18,8,2010,2324,2193
19,8,2010,2316,2185
20,8,2010,2337,2205
21,8,2010,2364,2230
22,8,2010,2362,2228
23,8,2010,2358,2225
24,8,2010,2387,2252
25,8,2010,2380,2245
26,8,2010,2350,2217
27,8,2010,2353,2220
28,8,2010,2339,2207
29,8,2010,2362,2229
30,8,2010,2361,2227
31,8,2010,2344,2212
1,9,2010,2322,2191
2,9,2010,2346,2213
3,9,2010,2350,2218
4,9,2010,2350,2216
5,9,2010,2340,2207
6,9,2010,2326,2194
7,9,2010,2306,2175
8,9,2010,2315,2185
9,9,2010,2349,2216
10,9,2010,2356,2223
11,9,2010,2346,2213
12,9,2010,2346,2213
13,9,2010,2344,2211
14,9,2010,2293,2163
15,9,2010,2284,2155
16,9,2010,2276,2148
17,9,2010,2272,2142
18,9,2010,2288,2159
19,9,2010,2291,2161
20,9,2010,2287,2158
21,9,2010,2272,2144
22,9,2010,2251,2124
23,9,2010,2250,2123
24,9,2010,2260,2132
25,9,2010,2234,2107
26,9,2010,2228,2102
27,9,2010,2203,2079
28,9,2010,2198,2074
29,9,2010,2218,2093
30,9,2010,2171,2048
1,10,2010,2226,2100
2,10,2010,2206,2081
3,10,2010,2208,2083
4,10,2010,2215,2091
5,10,2010,2216,2091
6,10,2010,2235,2109
7,10,2010,2237,2111
8,10,2010,2243,2117
9,10,2010,2236,2110
10,10,2010,2264,2136
11,10,2010,2261,2133
12,10,2010,2274,2146
13,10,2010,2280,2152
14,10,2010,2315,2185
15,10,2010,2306,2175
16,10,2010,2330,2199
17,10,2010,2321,2190
18,10,2010,2335,2202
19,10,2010,2322,2191
20,10,2010,2356,2221
21,10,2010,2348,2215
22,10,2010,2319,2188
23,10,2010,2350,2218
24,10,2010,2345,2214
25,10,2010,2343,2211
26,10,2010,2341,2209
27,10,2010,2321,2190
28,10,2010,2344,2212
29,10,2010,2337,2205
30,10,2010,2306,2176
31,10,2010,2305,2175
1,11,2010,2322,2190
2,11,2010,2346,2214
3,11,2010,2339,2207
4,11,2010,2334,2204
5,11,2010,2354,2221
6,11,2010,2344,2211
7,11,2010,2331,2200
8,11,2010,2323,2193
9,11,2010,2322,2191
10,11,2010,2323,2192
11,11,2010,2345,2212
12,11,2010,2338,2206
13,11,2010,2347,2215
14,11,2010,2375,2242
15,11,2010,2380,2247
16,11,2010,2386,2251
17,11,2010,2408,2273
18,11,2010,2387,2251
19,11,2010,2380,2245
20,11,2010,2387,2250
21,11,2010,2414,2278
22,11,2010,2429,2292
23,11,2010,2446,2308
24,11,2010,2441,2304
25,11,2010,2448,2311
26,11,2010,2448,2310
27,11,2010,2456,2317
28,11,2010,2440,2302
29,11,2010,2430,2294
30,11,2010,2447,2309
1,12,2010,2464,2325
2,12,2010,2475,2335
3,12,2010,2470,2331
4,12,2010,2452,2313
5,12,2010,2419,2282
6,12,2010,2413,2277
7,12,2010,2438,2301
8,12,2010,2445,2306
9,12,2010,2437,2299
10,12,2010,2445,2307
11,12,2010,2442,2304
12,12,2010,2441,2303
13,12,2010,2443,2305
14,12,2010,2439,2301
15,12,2010,2479,2337
16,12,2010,2505,2364
17,12,2010,2513,2371
18,12,2010,2519,2377
19,12,2010,2500,2359
20,12,2010,2509,2367
21,12,2010,2500,2359
22,12,2010,2495,2354
23,12,2010,2523,2381
24,12,2010,2494,2353
25,12,2010,2500,2358
26,12,2010,2516,2374
27,12,2010,2506,2364
28,12,2010,2507,2366
29,12,2010,2519,2377
30,12,2010,2503,2360
31,12,2010,2497,2355
1,1,2011,2495,2355
2,1,2011,2513,2370
3,1,2011,2521,2379
4,1,2011,2524,2382
5,1,2011,2531,2388
6,1,2011,2526,2383
7,1,2011,2535,2391
8,1,2011,2500,2359
9,1,2011,2478,2337
10,1,2011,2476,2337
11,1,2011,2465,2326
12,1,2011,2468,2328
13,1,2011,2445,2306
14,1,2011,2417,2280
15,1,2011,2428,2290
16,1,2011,2464,2325
17,1,2011,2485,2345
18,1,2011,2480,2340
19,1,2011,2500,2359
20,1,2011,2541,2397
21,1,2011,2562,2417
22,1,2011,2583,2435
23,1,2011,2578,2432
24,1,2011,2578,2432
25,1,2011,2600,2451
26,1,2011,2606,2458
27,1,2011,2574,2429
28,1,2011,2584,2438
29,1,2011,2563,2418
30,1,2011,2598,2451
31,1,2011,2588,2442
1,2,2011,2579,2433
2,2,2011,2570,2425
3,2,2011,2574,2428
4,2,2011,2583,2436
5,2,2011,2582,2437
6,2,2011,2663,2511
7,2,2011,2663,2511
8,2,2011,2682,2528
9,2,2011,2736,2581
10,2,2011,2838,2676
11,2,2011,2857,2696
12,2,2011,2946,2780
13,2,2011,2828,2668
14,2,2011,2800,2640
15,2,2011,2831,2669
16,2,2011,2880,2716
17,2,2011,2870,2708
18,2,2011,2963,2796
19,2,2011,3018,2848
20,2,2011,3062,2889
21,2,2011,2960,2791
22,2,2011,2830,2670
23,2,2011,2865,2702
24,2,2011,2924,2758
25,2,2011,2931,2765
26,2,2011,3035,2862
27,2,2011,3064,2891
28,2,2011,3029,2858
1,3,2011,2937,2771
2,3,2011,3017,2847
3,3,2011,3026,2854
4,3,2011,3009,2838
5,3,2011,3044,2872
6,3,2011,3030,2859
7,3,2011,3047,2847
8,3,2011,3047,2847
9,3,2011,3015,2846
10,3,2011,3032,2860
11,3,2011,3045,2872
12,3,2011,2984,2814
13,3,2011,2856,2695
14,3,2011,2776,2619
15,3,2011,2792,2632
16,3,2011,2741,2587
17,3,2011,2792,2633
18,3,2011,2821,2661
19,3,2011,2887,2724
20,3,2011,2824,2664
21,3,2011,2812,2653
22,3,2011,2828,2668
23,3,2011,2800,2641
24,3,2011,2813,2652
25,3,2011,2832,2671
26,3,2011,2840,2678
27,3,2011,2822,2661
28,3,2011,2825,2665
29,3,2011,2818,2657
30,3,2011,2797,2639
31,3,2011,2767,2610
1,4,2011,2739,2583
2,4,2011,2792,2633
3,4,2011,2790,2631
4,4,2011,2923,2758
5,4,2011,2899,2733
6,4,2011,2889,2726
7,4,2011,2862,2698
8,4,2011,2927,2760
9,4,2011,2960,2792
10,4,2011,2963,2795
11,4,2011,3029,2857
12,4,2011,3009,2839
13,4,2011,3018,2845
14,4,2011,2989,2819
15,4,2011,3037,2865
16,4,2011,3021,2850
17,4,2011,3036,2866
18,4,2011,3019,2847
19,4,2011,2951,2783
20,4,2011,2938,2770
21,4,2011,2886,2721
22,4,2011,2925,2758
23,4,2011,2913,2747
24,4,2011,2919,2753
25,4,2011,2946,2778
26,4,2011,2961,2793
27,4,2011,2968,2801
28,4,2011,2952,2785
29,4,2011,2959,2792
30,4,2011,2916,2749
1,5,2011,2929,2764
2,5,2011,2941,2775
3,5,2011,2916,2751
4,5,2011,2913,2749
5,5,2011,2859,2697
6,5,2011,2809,2649
7,5,2011,2715,2562
8,5,2011,2716,2562
9,5,2011,2752,2597
10,5,2011,2748,2592
11,5,2011,2775,2619
12,5,2011,2768,2612
13,5,2011,2754,2598
14,5,2011,2736,2582
15,5,2011,2728,2573
16,5,2011,2672,2519
17,5,2011,2658,2506
18,5,2011,2691,2539
19,5,2011,2723,2570
20,5,2011,2736,2581
21,5,2011,2756,2598
22,5,2011,2755,2598
23,5,2011,2745,2588
24,5,2011,2779,2620
25,5,2011,2790,2631
26,5,2011,2791,2632
27,5,2011,2778,2620
28,5,2011,2789,2630
29,5,2011,2793,2633
30,5,2011,2781,2622
31,5,2011,2773,2615
1,6,2011,2785,2624
2,6,2011,2825,2664
3,6,2011,2841,2679
4,6,2011,2852,2689
5,6,2011,2861,2695
6,6,2011,2880,2714
7,6,2011,2854,2691
8,6,2011,2871,2707
9,6,2011,2837,2675
10,6,2011,2818,2656
11,6,2011,2825,2664
12,6,2011,2824,2663
13,6,2011,2823,2661
14,6,2011,2837,2674
15,6,2011,2849,2687
16,6,2011,2843,2681
17,6,2011,2831,2669
18,6,2011,2838,2675
19,6,2011,2879,2715
20,6,2011,2901,2736
21,6,2011,2898,2731
22,6,2011,2895,2728
23,6,2011,2878,2712
24,6,2011,2878,2712
25,6,2011,2769,2611
26,6,2011,2784,2625
27,6,2011,2786,2627
28,6,2011,2777,2618
29,6,2011,2749,2592
30,6,2011,2755,2597
1,7,2011,2763,2605
2,7,2011,2792,2633
3,7,2011,2782,2623
4,7,2011,2754,2595
5,7,2011,2726,2570
6,7,2011,2736,2580
7,7,2011,2737,2579
8,7,2011,2742,2584
9,7,2011,2743,2585
10,7,2011,2751,2594
11,7,2011,2747,2590
12,7,2011,2764,2606
13,7,2011,2800,2640
14,7,2011,2786,2672
15,7,2011,2758,2601
16,7,2011,2757,2598
17,7,2011,2761,2603
18,7,2011,2767,2609
19,7,2011,2722,2566
20,7,2011,2685,2532
21,7,2011,2709,2553
22,7,2011,2732,2575
23,7,2011,2725,2569
24,7,2011,2758,2601
25,7,2011,2735,2580
26,7,2011,2736,2578
27,7,2011,2729,2574
28,7,2011,2721,2566
29,7,2011,2722,2566
30,7,2011,2717,2562
31,7,2011,2714,2559
1,8,2011,2720,2563
2,8,2011,2718,2561
3,8,2011,2731,2575
4,8,2011,2730,2574
5,8,2011,2719,2564
6,8,2011,2706,2552
7,8,2011,2688,2535
8,8,2011,2719,2563
9,8,2011,2702,2548
10,8,2011,2654,2502
11,8,2011,2646,2495
12,8,2011,2623,2467
13,8,2011,2596,2448
14,8,2011,2582,2433
15,8,2011,2601,2451
16,8,2011,2665,2511
17,8,2011,2698,2541
18,8,2011,2686,2532
19,8,2011,2662,2507
20,8,2011,2655,2502
21,8,2011,2653,2500
22,8,2011,2684,2528
23,8,2011,2690,2533
24,8,2011,2654,2501
25,8,2011,2689,2534
26,8,2011,2683,2528
27,8,2011,2809,2647
28,8,2011,2793,2630
29,8,2011,2783,2623
30,8,2011,2775,2613
31,8,2011,2728,2570
1,9,2011,2743,2585
2,9,2011,2743,2584
3,9,2011,2767,2607
4,9,2011,2783,2623
5,9,2011,2791,2623
6,9,2011,2755,2591
7,9,2011,2783,2616
8,9,2011,2766,2604
9,9,2011,2750,2585
10,9,2011,2707,2545
11,9,2011,2712,2552
12,9,2011,2741,2579
13,9,2011,2716,2555
14,9,2011,2718,2557
15,9,2011,2686,2526
16,9,2011,2736,2572
17,9,2011,2735,2572
18,9,2011,2758,2594
19,9,2011,2762,2598
20,9,2011,2751,2588
21,9,2011,2728,2565
22,9,2011,2736,2573
23,9,2011,2712,2552
24,9,2011,2712,2551
25,9,2011,2735,2573
26,9,2011,2728,2567
27,9,2011,2708,2546
28,9,2011,2685,2525
29,9,2011,2697,2537
30,9,2011,2706,2545
1,10,2011,2713,2552
2,10,2011,2729,2567
3,10,2011,2751,2588
4,10,2011,2759,2596
5,10,2011,2770,2605
6,10,2011,2766,2601
7,10,2011,2727,2566
8,10,2011,2713,2552
9,10,2011,2703,2541
10,10,2011,2696,2536
11,10,2011,2708,2548
12,10,2011,2703,2543
13,10,2011,2709,2548
14,10,2011,2718,2557
15,10,2011,2736,2573
16,10,2011,2727,2565
17,10,2011,2704,2544
18,10,2011,2717,2555
19,10,2011,2717,2555
20,10,2011,2734,2571
21,10,2011,2685,2525
22,10,2011,2768,2604
23,10,2011,2786,2621
24,10,2011,2798,2630
25,10,2011,2813,2646
26,10,2011,2808,2641
27,10,2011,2814,2646
28,10,2011,2803,2637
29,10,2011,2848,2679
30,10,2011,2850,2681
31,10,2011,2849,2680
1,11,2011,2857,2687
2,11,2011,2852,2683
3,11,2011,2916,2743
4,11,2011,2904,2733
5,11,2011,2893,2722
6,11,2011,2887,2714
7,11,2011,2928,2755
8,11,2011,2912,2739
9,11,2011,2935,2761
10,11,2011,2930,2756
11,11,2011,2933,2759
12,11,2011,2932,2758
13,11,2011,2934,2760
14,11,2011,2930,2756
15,11,2011,2923,2750
16,11,2011,2950,2775
17,11,2011,2937,2763
18,11,2011,2947,2772
19,11,2011,2936,2761
20,11,2011,2943,2769
21,11,2011,2957,2782
22,11,2011,2948,2772
23,11,2011,2948,2773
24,11,2011,2938,2764
25,11,2011,2934,2759
26,11,2011,2928,2754
27,11,2011,2892,2721
28,11,2011,2875,2704
29,11,2011,2883,2713
30,11,2011,2869,2699
1,12,2011,2874,2703
2,12,2011,2843,2674
3,12,2011,2852,2681
4,12,2011,2837,2670
5,12,2011,2823,2655
6,12,2011,2827,2660
7,12,2011,2829,2661
8,12,2011,2825,2658
9,12,2011,2842,2674
10,12,2011,2832,2664
11,12,2011,2788,2623
12,12,2011,2797,2631
13,12,2011,2832,2663
14,12,2011,2845,2677
15,12,2011,2879,2708
16,12,2011,2878,2707
17,12,2011,2864,2695
18,12,2011,2846,2677
19,12,2011,2849,2680
20,12,2011,2864,2693
21,12,2011,2861,2691
22,12,2011,2864,2693
23,12,2011,2865,2695
24,12,2011,2892,2720
25,12,2011,2892,2720
26,12,2011,2875,2704
27,12,2011,2842,2674
28,12,2011,2844,2676
29,12,2011,2823,2656
30,12,2011,2822,2655
31,12,2011,2793,2627
1,1,2012,2792,2627
2,1,2012,2811,2645
3,1,2012,2816,2649
4,1,2012,2835,2667
5,1,2012,2824,2656
6,1,2012,2818,2651
7,1,2012,2807,2642
8,1,2012,2803,2636
9,1,2012,2807,2641
10,1,2012,2768,2604
11,1,2012,2764,2599
12,1,2012,2724,2563
13,1,2012,2754,2590
14,1,2012,2745,2583
15,1,2012,2752,2589
16,1,2012,2758,2594
17,1,2012,2748,2585
18,1,2012,2760,2596
19,1,2012,2774,2610
20,1,2012,2724,2562
21,1,2012,2728,2567
22,1,2012,2717,2556
23,1,2012,2734,2572
24,1,2012,2726,2565
25,1,2012,2732,2570
26,1,2012,2720,2558
27,1,2012,2719,2557
28,1,2012,2742,2580
29,1,2012,2742,2580
30,1,2012,2748,2585
31,1,2012,2752,2588
1,2,2012,2777,2612
2,2,2012,2785,2619
3,2,2012,2752,2589
4,2,2012,2757,2593
5,2,2012,2765,2601
6,2,2012,2801,2634
7,2,2012,2807,2619
8,2,2012,2800,2634
9,2,2012,2808,2641
10,2,2012,2799,2633
11,2,2012,2815,2648
12,2,2012,2804,2638
13,2,2012,2768,2604
14,2,2012,2746,2583
15,2,2012,2736,2574
16,2,2012,2707,2546
17,2,2012,2710,2549
18,2,2012,2691,2531
19,2,2012,2636,2480
20,2,2012,2657,2499
21,2,2012,2649,2491
22,2,2012,2682,2523
23,2,2012,2705,2546
24,2,2012,2671,2512
25,2,2012,2647,2491
26,2,2012,2657,2500
27,2,2012,2644,2488
28,2,2012,2649,2492
29,2,2012,2663,2505
1,3,2012,2653,2496
2,3,2012,2655,2497
3,3,2012,2663,2505
4,3,2012,2677,2519
5,3,2012,2675,2516
6,3,2012,2679,2520
7,3,2012,2719,2557
8,3,2012,2718,2557
9,3,2012,2731,2569
10,3,2012,2708,2548
11,3,2012,2731,2569
12,3,2012,2696,2536
13,3,2012,2694,2534
14,3,2012,2680,2521
15,3,2012,2692,2532
16,3,2012,2670,2513
17,3,2012,2674,2516
18,3,2012,2676,2517
19,3,2012,2638,2482
20,3,2012,2597,2442
21,3,2012,2586,2432
22,3,2012,2610,2455
23,3,2012,2599,2444
24,3,2012,2602,2447
25,3,2012,2554,2403
26,3,2012,2568,2416
27,3,2012,2457,2311
28,3,2012,2197,2066
29,3,2012,2247,2114
30,3,2012,2259,2125
31,3,2012,2288,2152
1,4,2012,2309,2173
2,4,2012,2349,2209
3,4,2012,2344,2205
4,4,2012,2359,2219
5,4,2012,2415,2272
6,4,2012,2404,2261
7,4,2012,2415,2272
8,4,2012,2404,2261
9,4,2012,2423,2279
10,4,2012,2383,2240
11,4,2012,2359,2219
12,4,2012,2342,2203
13,4,2012,2357,2217
14,4,2012,2360,2220
15,4,2012,2336,2197
16,4,2012,2322,2184
17,4,2012,2320,2182
18,4,2012,2259,2125
19,4,2012,2261,2128
20,4,2012,2198,2067
21,4,2012,2263,2128
22,4,2012,2251,2117
23,4,2012,2246,2112
24,4,2012,2283,2148
25,4,2012,2287,2151
26,4,2012,2286,2150
27,4,2012,2317,2179
28,4,2012,2354,2214
29,4,2012,2336,2198
30,4,2012,2359,2219
1,5,2012,2340,2201
2,5,2012,2342,2203
3,5,2012,2352,2212
4,5,2012,2330,2192
5,5,2012,2352,2213
6,5,2012,2335,2197
7,5,2012,2357,2217
8,5,2012,2338,2199
9,5,2012,2343,2204
10,5,2012,2353,2214
11,5,2012,2345,2205
12,5,2012,2328,2190
13,5,2012,2215,2083
14,5,2012,2263,2129
15,5,2012,2225,2093
16,5,2012,2207,2076
17,5,2012,2136,2010
18,5,2012,2071,1948
19,5,2012,2129,2003
20,5,2012,2143,2016
21,5,2012,2143,2016
22,5,2012,2161,2033
23,5,2012,2151,2023
24,5,2012,2117,1992
25,5,2012,2144,2017
26,5,2012,2150,2023
27,5,2012,2192,2062
28,5,2012,2202,2072
29,5,2012,2218,2086
30,5,2012,2209,2079
31,5,2012,2225,2093
1,6,2012,2203,2072
2,6,2012,2225,2093
3,6,2012,2260,2125
4,6,2012,2287,2151
5,6,2012,2302,2165
6,6,2012,2288,2153
7,6,2012,2312,2175
8,6,2012,2315,2178
9,6,2012,2327,2189
10,6,2012,2330,2192
11,6,2012,2331,2193
12,6,2012,2304,2168
13,6,2012,2305,2169
14,6,2012,2283,2149
15,6,2012,2241,2109
16,6,2012,2327,2189
17,6,2012,2350,2211
18,6,2012,2338,2200
19,6,2012,2371,2231
20,6,2012,2371,2231
21,6,2012,2414,2272
22,6,2012,2444,2301
23,6,2012,2440,2296
24,6,2012,2435,2291
25,6,2012,2436,2293
26,6,2012,2460,2315
27,6,2012,2483,2336
28,6,2012,2523,2374
29,6,2012,2555,2404
30,6,2012,2549,2398
1,7,2012,2510,2361
2,7,2012,2472,2326
3,7,2012,2467,2321
4,7,2012,2524,2375
5,7,2012,2473,2326
6,7,2012,2458,2312
7,7,2012,2486,2339
8,7,2012,2462,2316
9,7,2012,2411,2268
10,7,2012,2407,2264
11,7,2012,2356,2217
12,7,2012,2315,2178
13,7,2012,2277,2142
14,7,2012,2344,2205
15,7,2012,2336,2198
16,7,2012,2286,2150
17,7,2012,2301,2164
18,7,2012,2313,2175
19,7,2012,2320,2182
20,7,2012,2306,2170
21,7,2012,2366,2225
22,7,2012,2338,2200
23,7,2012,2248,2115
24,7,2012,2280,2145
25,7,2012,2281,2146
26,7,2012,2254,2120
27,7,2012,2283,2148
28,7,2012,2284,2148
29,7,2012,2251,2117
30,7,2012,2221,2089
31,7,2012,2191,2061
1,8,2012,2187,2057
2,8,2012,2197,2067
3,8,2012,2240,2107
4,8,2012,2252,2119
5,8,2012,2266,2131
6,8,2012,2287,2152
7,8,2012,2295,2159
8,8,2012,2304,2168
9,8,2012,2298,2161
10,8,2012,2293,2157
11,8,2012,2282,2146
12,8,2012,2260,2126
13,8,2012,2263,2129
14,8,2012,2261,2127
15,8,2012,2225,2094
16,8,2012,2224,2092
17,8,2012,2200,2069
18,8,2012,2219,2088
19,8,2012,2226,2095
20,8,2012,2225,2094
21,8,2012,2202,2072
22,8,2012,2188,2058
23,8,2012,2153,2026
24,8,2012,2161,2033
25,8,2012,2154,2026
26,8,2012,2179,2050
27,8,2012,2169,2041
28,8,2012,2168,2040
29,8,2012,2176,2047
30,8,2012,2181,2052
31,8,2012,2129,2003
1,9,2012,2130,2004
2,9,2012,2162,2034
3,9,2012,2138,2012
4,9,2012,2140,2013
5,9,2012,2149,2021
6,9,2012,2187,2058
7,9,2012,2189,2059
8,9,2012,2153,2025
9,9,2012,2164,2035
10,9,2012,2175,2046
11,9,2012,2174,2045
12,9,2012,2161,2033
13,9,2012,2118,1994
14,9,2012,2145,2018
15,9,2012,2136,2010
16,9,2012,2144,2017
17,9,2012,2160,2032
18,9,2012,2164,2036
19,9,2012,2134,2008
20,9,2012,2139,2012
21,9,2012,2183,2054
22,9,2012,2195,2065
23,9,2012,2199,2069
24,9,2012,2188,2059
25,9,2012,2176,2047
26,9,2012,2175,2046
27,9,2012,2200,2069
28,9,2012,2202,2072
29,9,2012,2210,2080
30,9,2012,2253,2119
1,10,2012,2251,2118
2,10,2012,2241,2109
3,10,2012,2224,2093
4,10,2012,2276,2142
5,10,2012,2311,2175
6,10,2012,2273,2138
7,10,2012,2251,2118
8,10,2012,2294,2159
9,10,2012,2259,2107
10,10,2012,2278,2143
11,10,2012,2249,2116
12,10,2012,2254,2120
13,10,2012,2255,2122
14,10,2012,2283,2148
15,10,2012,2307,2170
16,10,2012,2315,2178
17,10,2012,2323,2186
18,10,2012,2333,2195
19,10,2012,2359,2218
20,10,2012,2368,2227
21,10,2012,2363,2223
22,10,2012,2349,2210
23,10,2012,2357,2218
24,10,2012,2365,2225
25,10,2012,2369,2229
26,10,2012,2383,2242
27,10,2012,2364,2225
28,10,2012,2359,2220
29,10,2012,2382,2241
30,10,2012,2396,2256
31,10,2012,2365,2225
1,11,2012,2367,2227
2,11,2012,2377,2235
3,11,2012,2367,2227
4,11,2012,2380,2239
5,11,2012,2396,2255
6,11,2012,2424,2281
7,11,2012,2447,2302
8,11,2012,2460,2314
9,11,2012,2418,2275
10,11,2012,2403,2261
11,11,2012,2370,2230
12,11,2012,2382,2241
13,11,2012,2385,2244
14,11,2012,2338,2200
15,11,2012,2340,2202
16,11,2012,2330,2193
17,11,2012,2294,2158
18,11,2012,2289,2153
19,11,2012,2264,2130
20,11,2012,2263,2130
21,11,2012,2291,2156
22,11,2012,2282,2147
23,11,2012,2302,2166
24,11,2012,2295,2160
25,11,2012,2295,2160
26,11,2012,2294,2158
27,11,2012,2286,2150
28,11,2012,2311,2175
29,11,2012,2324,2187
30,11,2012,2333,2195
1,12,2012,2291,2156
2,12,2012,2281,2146
3,12,2012,2274,2133
4,12,2012,2276,2141
5,12,2012,2276,2141
6,12,2012,2269,2135
7,12,2012,2272,2137
8,12,2012,2266,2133
9,12,2012,2287,2152
10,12,2012,2310,2173
11,12,2012,2294,2158
12,12,2012,2286,2151
13,12,2012,2264,2129
14,12,2012,2311,2175
15,12,2012,2311,2175
16,12,2012,2311,2175
17,12,2012,2300,2164
18,12,2012,2269,2135
19,12,2012,2252,2119
20,12,2012,2243,2111
21,12,2012,2267,2133
22,12,2012,2278,2144
23,12,2012,2268,2135
24,12,2012,2253,2120
25,12,2012,2250,2117
26,12,2012,2257,2124
27,12,2012,2244,2112
28,12,2012,2250,2117
29,12,2012,2242,2109
30,12,2012,2243,2110
31,12,2012,2203,2072
1,1,2013,2195,2065
2,1,2013,2188,2059
3,1,2013,2173,2045
4,1,2013,2178,2049
5,1,2013,2179,2050
6,1,2013,2179,2050
7,1,2013,2186,2057
8,1,2013,2170,2042
9,1,2013,2168,2040
10,1,2013,2185,2056
11,1,2013,2192,2062
12,1,2013,2211,2080
13,1,2013,2228,2096
14,1,2013,2223,2092
15,1,2013,2224,2092
16,1,2013,2225,2093
17,1,2013,2293,2157
18,1,2013,2288,2152
19,1,2013,2287,2151
20,1,2013,2297,2161
21,1,2013,2298,2162
22,1,2013,2294,2158
23,1,2013,2286,2151
24,1,2013,2301,2165
25,1,2013,2298,2162
26,1,2013,2301,2165
27,1,2013,2284,2148
28,1,2013,2274,2140
29,1,2013,2272,2138
30,1,2013,2266,2131
31,1,2013,2276,2141
1,2,2013,2305,2168
2,2,2013,2261,2107
3,2,2013,2244,2111
4,2,2013,2239,2107
5,2,2013,2280,2145
6,2,2013,2255,2122
7,2,2013,2250,2117
8,2,2013,2244,2111
9,2,2013,2237,2104
10,2,2013,2223,2091
11,2,2013,2237,2105
12,2,2013,2236,2103
13,2,2013,2227,2095
14,2,2013,2241,2108
15,2,2013,2231,2099
16,2,2013,2230,2098
17,2,2013,2267,2132
18,2,2013,2278,2144
19,2,2013,2265,2131
20,2,2013,2263,2129
21,2,2013,2265,2131
22,2,2013,2262,2128
23,2,2013,2252,2119
24,2,2013,2217,2085
25,2,2013,2213,2083
26,2,2013,2215,2084
27,2,2013,2217,2086
28,2,2013,2190,2061
1,3,2013,2190,2061
2,3,2013,2193,2064
3,3,2013,2186,2057
4,3,2013,2189,2060
5,3,2013,2184,2054
6,3,2013,2205,2074
7,3,2013,2213,2063
8,3,2013,2198,2068
9,3,2013,2176,2048
10,3,2013,2182,2052
11,3,2013,2176,2047
12,3,2013,2179,2051
13,3,2013,2168,2039
14,3,2013,2169,2041
15,3,2013,2161,2033
16,3,2013,2146,2019
17,3,2013,2137,2011
18,3,2013,2137,2011
19,3,2013,2151,2023
20,3,2013,2142,2015
21,3,2013,2150,2023
22,3,2013,2130,2004
23,3,2013,2139,2013
24,3,2013,2148,2021
25,3,2013,2132,2007
26,3,2013,2156,2029
27,3,2013,2155,2027
28,3,2013,2144,2017
29,3,2013,2149,2022
30,3,2013,2135,2008
31,3,2013,2130,2004
1,4,2013,2136,2010
2,4,2013,2148,2022
3,4,2013,2146,2019
4,4,2013,2174,2046
5,4,2013,2180,2051
6,4,2013,2179,2050
7,4,2013,2191,2062
8,4,2013,2198,2069
9,4,2013,2187,2057
10,4,2013,2199,2069
11,4,2013,2196,2066
12,4,2013,2184,2055
13,4,2013,2176,2048
14,4,2013,2172,2043
15,4,2013,2174,2045
16,4,2013,2160,2032
17,4,2013,2133,2008
18,4,2013,2084,1962
19,4,2013,2097,1973
20,4,2013,2109,1984
21,4,2013,2068,1946
22,4,2013,2065,1943
23,4,2013,2088,1964
24,4,2013,2102,1978
25,4,2013,2092,1969
26,4,2013,2097,1973
27,4,2013,2145,2019
28,4,2013,2149,2022
29,4,2013,2170,2042
30,4,2013,2154,2027
1,5,2013,2168,2040
2,5,2013,2176,2048
3,5,2013,2170,2042
4,5,2013,2168,2040
5,5,2013,2162,2034
6,5,2013,2122,1997
7,5,2013,2235,2103
8,5,2013,2229,2098
9,5,2013,2253,2120
10,5,2013,2249,2116
11,5,2013,2267,2134
12,5,2013,2316,2179
13,5,2013,2323,2185
14,5,2013,2318,2181
15,5,2013,2315,2178
16,5,2013,2266,2132
17,5,2013,2259,2126
18,5,2013,2238,2106
19,5,2013,2246,2114
20,5,2013,2249,2117
21,5,2013,2222,2091
22,5,2013,2226,2095
23,5,2013,2227,2096
24,5,2013,2256,2123
25,5,2013,2242,2110
26,5,2013,2269,2135
27,5,2013,2249,2117
28,5,2013,2263,2130
29,5,2013,2310,2174
30,5,2013,2348,2210
31,5,2013,2338,2200
1,6,2013,2328,2191
2,6,2013,2354,2216
3,6,2013,2381,2241
4,6,2013,2389,2248
5,6,2013,2382,2242
6,6,2013,2433,2289
7,6,2013,2461,2316
8,6,2013,2467,2322
9,6,2013,2532,2383
10,6,2013,2531,2382
11,6,2013,2530,2380
12,6,2013,2534,2384
13,6,2013,2495,2349
14,6,2013,2524,2375
15,6,2013,2526,2377
16,6,2013,2478,2332
17,6,2013,2525,2358
18,6,2013,2440,2296
19,6,2013,2470,2325
20,6,2013,2426,2283
21,6,2013,2381,2241
22,6,2013,2386,2246
23,6,2013,2396,2255
24,6,2013,2390,2249
25,6,2013,2376,2237
26,6,2013,2374,2234
27,6,2013,2390,2249
28,6,2013,2347,2209
29,6,2013,2370,2231
30,6,2013,2364,2225
1,7,2013,2360,2221
2,7,2013,2348,2210
3,7,2013,2357,2218
4,7,2013,2389,2248
5,7,2013,2377,2237
6,7,2013,2366,2227
7,7,2013,2378,2237
8,7,2013,2378,2238
9,7,2013,2331,2194
10,7,2013,2330,2193
11,7,2013,2340,2202
12,7,2013,2312,2175
13,7,2013,2309,2173
14,7,2013,2316,2180
15,7,2013,2313,2177
16,7,2013,2300,2165
17,7,2013,2320,2184
18,7,2013,2354,2214
19,7,2013,2371,2232
20,7,2013,2359,2220
21,7,2013,2358,2219
22,7,2013,2380,2240
23,7,2013,2392,2251
24,7,2013,2393,2252
25,7,2013,2386,2246
26,7,2013,2369,2230
27,7,2013,2399,2257
28,7,2013,2381,2241
29,7,2013,2401,2259
30,7,2013,2392,2252
31,7,2013,2385,2244
1,8,2013,2363,2224
2,8,2013,2354,2216
3,8,2013,2402,2261
4,8,2013,2402,2260
5,8,2013,2390,2249
6,8,2013,2399,2257
7,8,2013,2360,2221
8,8,2013,2370,2231
9,8,2013,2353,2214
10,8,2013,2363,2224
11,8,2013,2326,2189
12,8,2013,2328,2191
13,8,2013,2279,2145
14,8,2013,2307,2170
15,8,2013,2330,2192
16,8,2013,2314,2177
17,8,2013,2311,2175
18,8,2013,2321,2183
19,8,2013,2301,2165
20,8,2013,2307,2171
21,8,2013,2309,2173
22,8,2013,2315,2178
23,8,2013,2326,2188
24,8,2013,2356,2218
25,8,2013,2358,2218
26,8,2013,2360,2219
27,8,2013,2374,2234
28,8,2013,2363,2224
29,8,2013,2360,2221
30,8,2013,2350,2212
31,8,2013,2349,2211
1,9,2013,2361,2222
2,9,2013,2339,2201
3,9,2013,2344,2206
4,9,2013,2346,2208
5,9,2013,2359,2221
6,9,2013,2378,2239
7,9,2013,2380,2241
8,9,2013,2369,2230
9,9,2013,2366,2227
10,9,2013,2381,2240
11,9,2013,2386,2245
12,9,2013,2386,2245
13,9,2013,2394,2252
14,9,2013,2391,2250
15,9,2013,2403,2262
16,9,2013,2409,2268
17,9,2013,2396,2255
18,9,2013,2397,2256
19,9,2013,2413,2272
20,9,2013,2420,2277
21,9,2013,2401,2260
22,9,2013,2389,2249
23,9,2013,2395,2254
24,9,2013,2392,2251
25,9,2013,2425,2282
26,9,2013,2407,2265
27,9,2013,2379,2239
28,9,2013,2384,2243
29,9,2013,2371,2232
30,9,2013,2408,2266
1,10,2013,2414,2271
2,10,2013,2377,2237
3,10,2013,2382,2241
4,10,2013,2375,2236
5,10,2013,2387,2247
6,10,2013,2383,2243
7,10,2013,2380,2240
8,10,2013,2365,2226
9,10,2013,2331,2194
10,10,2013,2267,2134
11,10,2013,2259,2126
12,10,2013,2254,2122
13,10,2013,2246,2114
14,10,2013,2262,2129
15,10,2013,2255,2123
16,10,2013,2260,2127
17,10,2013,2265,2132
18,10,2013,2247,2116
19,10,2013,2262,2129
20,10,2013,2270,2135
21,10,2013,2278,2144
22,10,2013,2282,2148
23,10,2013,2307,2170
24,10,2013,2319,2183
25,10,2013,2350,2212
26,10,2013,2388,2247
27,10,2013,2440,2295
28,10,2013,2433,2289
29,10,2013,2468,2323
30,10,2013,2486,2338
31,10,2013,2474,2327
1,11,2013,2505,2358
2,11,2013,2577,2425
3,11,2013,2664,2505
4,11,2013,2666,2507
5,11,2013,2662,2506
6,11,2013,2580,2427
7,11,2013,2565,2412
8,11,2013,2576,2422
9,11,2013,2580,2426
10,11,2013,2580,2429
11,11,2013,2583,2430
12,11,2013,2608,2453
13,11,2013,2635,2478
14,11,2013,2619,2464
15,11,2013,2625,2468
16,11,2013,2592,2437
17,11,2013,2572,2419
18,11,2013,2580,2428
19,11,2013,2578,2424
20,11,2013,2589,2434
21,11,2013,2607,2451
22,11,2013,2618,2462
23,11,2013,2624,2468
24,11,2013,2718,2556
25,11,2013,2730,2568
26,11,2013,2726,2566
27,11,2013,2712,2553
28,11,2013,2658,2502
29,11,2013,2663,2506
30,11,2013,2709,2548
1,12,2013,2687,2526
2,12,2013,2689,2531
3,12,2013,2607,2452
4,12,2013,2561,2411
5,12,2013,2599,2444
6,12,2013,2632,2476
7,12,2013,2649,2491
8,12,2013,2652,2490
9,12,2013,2676,2516
10,12,2013,2712,2550
11,12,2013,2728,2565
12,12,2013,2710,2547
13,12,2013,2693,2532
14,12,2013,2670,2511
15,12,2013,2661,2504
16,12,2013,2706,2541
17,12,2013,2695,2534
18,12,2013,2675,2515
19,12,2013,2656,2497
20,12,2013,2635,2478
21,12,2013,2587,2433
22,12,2013,2575,2422
23,12,2013,2571,2418
24,12,2013,2566,2413
25,12,2013,2571,2416
26,12,2013,2563,2410
27,12,2013,2571,2418
28,12,2013,2593,2438
29,12,2013,2568,2416
30,12,2013,2542,2390
31,12,2013,2537,2385
1,1,2014,2527,2377
2,1,2014,2496,2347
3,1,2014,2487,2339
4,1,2014,2449,2304
5,1,2014,2445,2298
6,1,2014,2451,2305
7,1,2014,2447,2303
8,1,2014,2454,2307
9,1,2014,2445,2299
10,1,2014,2423,2280
11,1,2014,2416,2273
12,1,2014,2477,2329
13,1,2014,2472,2321
14,1,2014,2483,2335
15,1,2014,2474,2328
16,1,2014,2471,2323
17,1,2014,2507,2360
18,1,2014,2497,2347
19,1,2014,2475,2328
20,1,2014,2496,2348
21,1,2014,2496,2348
22,1,2014,2467,2319
23,1,2014,2472,2324
24,1,2014,2509,2361
25,1,2014,2500,2352
26,1,2014,2507,2358
27,1,2014,2484,2336
28,1,2014,2479,2332
29,1,2014,2468,2323
30,1,2014,2475,2329
31,1,2014,2533,2382
1,2,2014,2539,2388
2,2,2014,2610,2454
3,2,2014,2637,2478
4,2,2014,2647,2486
5,2,2014,2606,2452
6,2,2014,2580,2429
7,2,2014,2607,2453
8,2,2014,2552,2401
9,2,2014,2607,2449
10,2,2014,2595,2440
11,2,2014,2595,2440
12,2,2014,2601,2447
13,2,2014,2594,2440
14,2,2014,2577,2424
15,2,2014,2585,2433
16,2,2014,2594,2440
17,2,2014,2518,2368
18,2,2014,2547,2395
19,2,2014,2570,2418
20,2,2014,2575,2422
21,2,2014,2685,2526
22,2,2014,2691,2530
23,2,2014,2788,2622
24,2,2014,2772,2607
25,2,2014,2701,2540
26,2,2014,2727,2565
27,2,2014,2728,2566
28,2,2014,2783,2618
1,3,2014,2794,2629
2,3,2014,2736,2574
3,3,2014,2809,2640
4,3,2014,2800,2633
5,3,2014,2807,2635
6,3,2014,2794,2627
7,3,2014,2816,2648
8,3,2014,2773,2609
9,3,2014,2782,2615
10,3,2014,2819,2650
11,3,2014,2800,2633
12,3,2014,2805,2639
13,3,2014,2828,2659
14,3,2014,2787,2623
15,3,2014,2836,2667
16,3,2014,2776,2609
17,3,2014,2750,2585
18,3,2014,2767,2604
19,3,2014,2793,2626
20,3,2014,2757,2588
21,3,2014,2760,2596
22,3,2014,2738,2576
23,3,2014,2704,2544
24,3,2014,2664,2504
25,3,2014,2650,2491
26,3,2014,2654,2496
27,3,2014,2649,2492
28,3,2014,2662,2505
29,3,2014,2613,2456
30,3,2014,2598,2441
31,3,2014,2570,2414
1,4,2014,2580,2426
2,4,2014,2612,2457
3,4,2014,2574,2420
4,4,2014,2642,2481
5,4,2014,2626,2465
6,4,2014,2642,2486
7,4,2014,2621,2463
8,4,2014,2611,2450
9,4,2014,2592,2436
10,4,2014,2652,2494
11,4,2014,2595,2438
12,4,2014,2611,2456
13,4,2014,2619,2462
14,4,2014,2645,2487
15,4,2014,2612,2457
16,4,2014,2620,2465
17,4,2014,2642,2483
18,4,2014,2627,2471
19,4,2014,2668,2504
20,4,2014,2734,2569
21,4,2014,2768,2602
22,4,2014,2780,2617
23,4,2014,2770,2604
24,4,2014,2787,2622
25,4,2014,2764,2598
26,4,2014,2769,2606
27,4,2014,2790,2623
28,4,2014,2763,2599
29,4,2014,2787,2620
30,4,2014,2775,2609
1,5,2014,2784,2619
2,5,2014,2777,2612
3,5,2014,2777,2610
4,5,2014,2762,2596
5,5,2014,2764,2598
6,5,2014,2730,2566
7,5,2014,2710,2550
8,5,2014,2692,2532
9,5,2014,2674,2516
10,5,2014,2694,2536
11,5,2014,2715,2552
12,5,2014,2725,2562
13,5,2014,2714,2554
14,5,2014,2759,2597
15,5,2014,2747,2582
16,5,2014,2736,2574
17,5,2014,2759,2595
18,5,2014,2781,2614
19,5,2014,2836,2667
20,5,2014,2840,2669
21,5,2014,2854,2686
22,5,2014,2863,2691
23,5,2014,2844,2673
24,5,2014,2848,2680
25,5,2014,2845,2674
26,5,2014,2774,2593
27,5,2014,2751,2586
28,5,2014,2740,2576
29,5,2014,2963,2778
30,5,2014,2953,2772
31,5,2014,2889,2718
1,6,2014,2861,2690
2,6,2014,2864,2693
3,6,2014,2907,2733
4,6,2014,2924,2748
5,6,2014,2978,2793
6,6,2014,2966,2789
7,6,2014,2935,2759
8,6,2014,2872,2696
9,6,2014,2894,2719
10,6,2014,2851,2680
11,6,2014,2872,2700
12,6,2014,2866,2694
13,6,2014,2898,2726
14,6,2014,2865,2693
15,6,2014,2922,2747
16,6,2014,2912,2737
17,6,2014,2916,2741
18,6,2014,2899,2723
19,6,2014,2941,2767
20,6,2014,2939,2762
21,6,2014,2948,2773
22,6,2014,2962,2786
23,6,2014,2992,2815
24,6,2014,2970,2794
25,6,2014,2968,2792
26,6,2014,2917,2744
27,6,2014,2913,2740
28,6,2014,2924,2750
29,6,2014,2915,2743
30,6,2014,2889,2718
1,7,2014,2915,2743
2,7,2014,2900,2729
3,7,2014,2910,2738
4,7,2014,2927,2754
5,7,2014,2911,2739
6,7,2014,2908,2737
7,7,2014,2917,2745
8,7,2014,2922,2748
9,7,2014,2904,2730
10,7,2014,2875,2704
11,7,2014,2889,2719
12,7,2014,2894,2723
13,7,2014,2890,2718
14,7,2014,2906,2734
15,7,2014,2925,2753
16,7,2014,2922,2748
17,7,2014,2965,2790
18,7,2014,2954,2780
19,7,2014,2943,2770
20,7,2014,2940,2764
21,7,2014,2954,2776
22,7,2014,2952,2778
23,7,2014,2939,2762
24,7,2014,2942,2766
25,7,2014,2946,2770
26,7,2014,2964,2790
27,7,2014,2975,2800
28,7,2014,2984,2808
29,7,2014,2998,2821
30,7,2014,2967,2792
31,7,2014,2947,2773
1,8,2014,2961,2787
2,8,2014,2927,2755
3,8,2014,2847,2680
4,8,2014,2841,2674
5,8,2014,2819,2654
6,8,2014,2832,2666
7,8,2014,2819,2650
8,8,2014,2842,2676
9,8,2014,2849,2678
10,8,2014,2864,2695
11,8,2014,2857,2687
12,8,2014,2860,2692
13,8,2014,2869,2698
14,8,2014,2869,2699
15,8,2014,2866,2694
16,8,2014,2869,2700
17,8,2014,2855,2687
18,8,2014,2861,2693
19,8,2014,2856,2686
20,8,2014,2883,2714
21,8,2014,2904,2733
22,8,2014,2901,2730
23,8,2014,2922,2747
24,8,2014,2940,2766
25,8,2014,2954,2779
26,8,2014,2936,2763
27,8,2014,2919,2748
28,8,2014,2899,2725
29,8,2014,2932,2757
30,8,2014,2974,2739
31,8,2014,2872,2675
1,9,2014,2877,2705
2,9,2014,2886,2712
3,9,2014,2893,2717
4,9,2014,2889,2717
5,9,2014,2890,2714
6,9,2014,2909,2736
7,9,2014,2902,2726
8,9,2014,2865,2691
9,9,2014,2851,2680
10,9,2014,2867,2690
11,9,2014,2882,2712
12,9,2014,2876,2707
13,9,2014,2835,2669
14,9,2014,2828,2662
15,9,2014,2845,2669
16,9,2014,2817,2653
17,9,2014,2805,2641
18,9,2014,2817,2653
19,9,2014,2794,2631
20,9,2014,2786,2623
21,9,2014,2778,2615
22,9,2014,2744,2583
23,9,2014,2725,2566
24,9,2014,2752,2591
25,9,2014,2755,2594
26,9,2014,2740,2580
27,9,2014,2740,2580
28,9,2014,2736,2575
29,9,2014,2743,2582
30,9,2014,2761,2599
1,10,2014,2773,2612
2,10,2014,2816,2652
3,10,2014,2790,2628
4,10,2014,2813,2648
5,10,2014,2841,2675
6,10,2014,2858,2692
7,10,2014,2843,2677
8,10,2014,2863,2696
9,10,2014,2876,2708
10,10,2014,2887,2717
11,10,2014,2883,2714
12,10,2014,2903,2734
13,10,2014,2910,2741
14,10,2014,2920,2750
15,10,2014,2899,2730
16,10,2014,2896,2727
17,10,2014,2920,2750
18,10,2014,2920,2749
19,10,2014,2899,2731
20,10,2014,2878,2709
21,10,2014,2845,2679
22,10,2014,2870,2703
23,10,2014,2905,2734
24,10,2014,2908,2737
25,10,2014,2922,2751
26,10,2014,2956,2783
27,10,2014,2959,2784
28,10,2014,2947,2774
29,10,2014,2957,2784
30,10,2014,2952,2779
31,10,2014,2954,2781
1,11,2014,2965,2792
2,11,2014,2984,2809
3,11,2014,2979,2804
4,11,2014,2982,2808
5,11,2014,2980,2806
6,11,2014,2976,2801
7,11,2014,3005,2826
8,11,2014,3020,2841
9,11,2014,3008,2832
10,11,2014,2997,2818
11,11,2014,3003,2826
12,11,2014,2973,2798
13,11,2014,2979,2804
14,11,2014,2952,2779
15,11,2014,2928,2756
16,11,2014,2915,2744
17,11,2014,2894,2724
18,11,2014,2904,2734
19,11,2014,2893,2724
20,11,2014,2885,2716
21,11,2014,2931,2757
22,11,2014,2940,2767
23,11,2014,2955,2780
24,11,2014,2957,2784
25,11,2014,2985,2810
26,11,2014,2984,2809
27,11,2014,2984,2809
28,11,2014,2996,2821
29,11,2014,2992,2816
30,11,2014,2988,2814
1,12,2014,2993,2818
2,12,2014,2976,2801
3,12,2014,2989,2814
4,12,2014,3008,2831
5,12,2014,3009,2834
6,12,2014,3015,2840
7,12,2014,3003,2827
8,12,2014,3011,2834
9,12,2014,3015,2839
10,12,2014,3061,2882
11,12,2014,3081,2900
12,12,2014,3071,2891
13,12,2014,3085,2904
14,12,2014,3057,2878
15,12,2014,3073,2892
16,12,2014,3048,2869
17,12,2014,3048,2870
18,12,2014,3034,2856
19,12,2014,2981,2807
20,12,2014,2980,2805
21,12,2014,2972,2798
22,12,2014,2949,2776
23,12,2014,2935,2762
24,12,2014,2897,2727
25,12,2014,2880,2711
26,12,2014,2892,2722
27,12,2014,2880,2715
28,12,2014,2863,2699
29,12,2014,2877,2712
30,12,2014,2882,2716
31,12,2014,2872,2709
1,1,2015,2900,2734
2,1,2015,2940,2772
3,1,2015,2928,2756
4,1,2015,2932,2765
5,1,2015,2934,2767
6,1,2015,2910,2746
7,1,2015,2907,2743
8,1,2015,2903,2737
9,1,2015,2927,2761
10,1,2015,2928,2762
11,1,2015,2919,2755
12,1,2015,2939,2771
13,1,2015,2928,2763
14,1,2015,2953,2786
15,1,2015,2946,2779
16,1,2015,2981,2812
17,1,2015,2966,2796
18,1,2015,2950,2783
19,1,2015,2918,2753
20,1,2015,2920,2754
21,1,2015,2905,2738
22,1,2015,2896,2733
23,1,2015,2898,2734
24,1,2015,2876,2715
25,1,2015,2884,2722
26,1,2015,2898,2728
27,1,2015,2892,2728
28,1,2015,2903,2736
29,1,2015,2891,2725
30,1,2015,2880,2717
31,1,2015,2843,2683
1,2,2015,2850,2690
2,2,2015,2845,2685
3,2,2015,2836,2677
4,2,2015,2819,2659
5,2,2015,2816,2658
6,2,2015,2828,2669
7,2,2015,2824,2664
8,2,2015,2819,2659
9,2,2015,2849,2688
10,2,2015,2859,2697
11,2,2015,2879,2716
12,2,2015,2876,2713
13,2,2015,2883,2719
14,2,2015,2908,2743
15,2,2015,2900,2736
16,2,2015,2886,2723
17,2,2015,2918,2753
18,2,2015,2913,2748
19,2,2015,2936,2770
20,2,2015,2932,2767
21,2,2015,2936,2769
22,2,2015,2925,2760
23,2,2015,2934,2767
24,2,2015,2911,2746
25,2,2015,2910,2746
26,2,2015,2928,2763
27,2,2015,2955,2788
28,2,2015,2984,2815
1,3,2015,2986,2817
2,3,2015,2967,2800
3,3,2015,2955,2788
4,3,2015,2980,2812
5,3,2015,2990,2821
6,3,2015,2978,2810
7,3,2015,2986,2817
8,3,2015,2974,2804
9,3,2015,2983,2814
10,3,2015,2974,2805
11,3,2015,2981,2812
12,3,2015,3037,2866
13,3,2015,3020,2849
14,3,2015,3076,2902
15,3,2015,3079,2906
16,3,2015,3045,2873
17,3,2015,3060,2887
18,3,2015,3032,2860
19,3,2015,3012,2841
20,3,2015,3027,2857
21,3,2015,2997,2826
22,3,2015,2983,2814
23,3,2015,2964,2796
24,3,2015,2970,2802
25,3,2015,2940,2774
26,3,2015,2927,2762
27,3,2015,2927,2762
28,3,2015,2944,2777
29,3,2015,2927,2762
30,3,2015,2941,2774
31,3,2015,2917,2752
1,4,2015,2910,2745
2,4,2015,2909,2745
3,4,2015,2910,2746
4,4,2015,2902,2736
5,4,2015,2920,2755
6,4,2015,2934,2768
7,4,2015,2939,2773
8,4,2015,2945,2779
9,4,2015,2953,2783
10,4,2015,2968,2801
11,4,2015,2950,2784
12,4,2015,2925,2760
13,4,2015,2944,2779
14,4,2015,2915,2749
15,4,2015,2935,2768
16,4,2015,2919,2755
17,4,2015,2924,2759
18,4,2015,2902,2739
19,4,2015,2914,2751
20,4,2015,2920,2755
21,4,2015,2903,2739
22,4,2015,2918,2754
23,4,2015,2921,2757
24,4,2015,2911,2746
25,4,2015,2923,2759
26,4,2015,2917,2753
27,4,2015,2926,2762
28,4,2015,2916,2751
29,4,2015,2890,2727
30,4,2015,2894,2731
1,5,2015,2894,2731
2,5,2015,2885,2723
3,5,2015,2916,2751
4,5,2015,2905,2742
5,5,2015,2869,2707
6,5,2015,2863,2701
7,5,2015,2859,2698
8,5,2015,2867,2705
9,5,2015,2865,2704
10,5,2015,2881,2718
11,5,2015,2871,2708
12,5,2015,2836,2676
13,5,2015,2819,2659
14,5,2015,2794,2637
15,5,2015,2781,2624
16,5,2015,2786,2629
17,5,2015,2756,2600
18,5,2015,2759,2602
19,5,2015,2736,2582
20,5,2015,2740,2586
21,5,2015,2759,2603
22,5,2015,2765,2609
23,5,2015,2769,2612
24,5,2015,2780,2624
25,5,2015,2784,2626
26,5,2015,2781,2625
27,5,2015,2791,2632
28,5,2015,2805,2647
29,5,2015,2829,2669
30,5,2015,2840,2679
31,5,2015,2843,2683
1,6,2015,2869,2708
2,6,2015,2842,2681
3,6,2015,2857,2696
4,6,2015,2845,2685
5,6,2015,2849,2688
6,6,2015,2841,2680
7,6,2015,2853,2691
8,6,2015,2844,2684
9,6,2015,2864,2701
10,6,2015,2867,2705
11,6,2015,2860,2698
12,6,2015,2844,2683
13,6,2015,2831,2670
14,6,2015,2838,2677
15,6,2015,2834,2673
16,6,2015,2840,2680
17,6,2015,2860,2699
18,6,2015,2834,2675
19,6,2015,2816,2656
20,6,2015,2836,2675
21,6,2015,2831,2670
22,6,2015,2808,2650
23,6,2015,2829,2670
24,6,2015,2800,2642
25,6,2015,2790,2632
26,6,2015,2810,2650
27,6,2015,2799,2640
28,6,2015,2812,2653
29,6,2015,2835,2674
30,6,2015,2848,2687
1,7,2015,2840,2678
2,7,2015,2833,2673
3,7,2015,2807,2649
4,7,2015,2804,2646
5,7,2015,2809,2651
6,7,2015,2810,2650
7,7,2015,2809,2651
8,7,2015,2792,2635
9,7,2015,2795,2637
10,7,2015,2791,2632
11,7,2015,2791,2632
12,7,2015,2785,2627
13,7,2015,2818,2658
14,7,2015,2795,2636
15,7,2015,2792,2633
16,7,2015,2790,2632
17,7,2015,2793,2634
18,7,2015,2788,2630
19,7,2015,2793,2636
20,7,2015,2793,2635
21,7,2015,2776,2619
22,7,2015,2785,2627
23,7,2015,2778,2621
24,7,2015,2811,2652
25,7,2015,2820,2658
26,7,2015,2855,2692
27,7,2015,2839,2680
28,7,2015,2813,2654
29,7,2015,2771,2611
30,7,2015,2771,2614
31,7,2015,2767,2610
1,8,2015,2804,2642
2,8,2015,2783,2625
3,8,2015,2783,2625
4,8,2015,2782,2624
5,8,2015,2784,2627
6,8,2015,2793,2634
7,8,2015,2804,2645
8,8,2015,2831,2670
9,8,2015,2804,2644
10,8,2015,2820,2660
11,8,2015,2828,2668
12,8,2015,2827,2667
13,8,2015,2837,2677
14,8,2015,2828,2667
15,8,2015,2808,2648
16,8,2015,2795,2636
17,8,2015,2809,2649
18,8,2015,2802,2643
19,8,2015,2792,2633
20,8,2015,2805,2644
21,8,2015,2776,2617
22,8,2015,2780,2622
23,8,2015,2793,2633
24,8,2015,2800,2642
25,8,2015,2805,2646
26,8,2015,2845,2681
27,8,2015,2811,2649
28,8,2015,2772,2611
29,8,2015,2770,2613
30,8,2015,2770,2614
31,8,2015,2772,2612
1,9,2015,2777,2620
2,9,2015,2779,2620
3,9,2015,2787,2628
4,9,2015,2803,2643
5,9,2015,2794,2636
6,9,2015,2805,2643
7,9,2015,2806,2647
8,9,2015,2794,2635
9,9,2015,2781,2624
10,9,2015,2774,2617
11,9,2015,2785,2627
12,9,2015,2783,2626
13,9,2015,2792,2634
14,9,2015,2796,2637
15,9,2015,2800,2641
16,9,2015,2795,2637
17,9,2015,2805,2646
18,9,2015,2768,2611
19,9,2015,2767,2610
20,9,2015,2753,2597
21,9,2015,2747,2592
22,9,2015,2749,2593
23,9,2015,2753,2596
24,9,2015,2750,2595
25,9,2015,2738,2582
26,9,2015,2733,2579
27,9,2015,2728,2575
28,9,2015,2731,2577
29,9,2015,2715,2560
30,9,2015,2748,2592
1,10,2015,2747,2592
2,10,2015,2749,2593
3,10,2015,2740,2585
4,10,2015,2737,2581
5,10,2015,2735,2581
6,10,2015,2714,2562
7,10,2015,2723,2568
8,10,2015,2716,2562
9,10,2015,2712,2557
10,10,2015,2691,2537
11,10,2015,2689,2538
12,10,2015,2686,2534
13,10,2015,2698,2545
14,10,2015,2687,2535
15,10,2015,2690,2537
16,10,2015,2698,2545
17,10,2015,2691,2538
18,10,2015,2685,2533
19,10,2015,2681,2529
20,10,2015,2689,2537
21,10,2015,2676,2525
22,10,2015,2666,2515
23,10,2015,2676,2523
24,10,2015,2668,2516
25,10,2015,2668,2517
26,10,2015,2672,2522
27,10,2015,2675,2525
28,10,2015,2678,2526
29,10,2015,2639,2490
30,10,2015,2644,2494
31,10,2015,2599,2453
1,11,2015,2600,2453
2,11,2015,2626,2474
3,11,2015,2638,2489
4,11,2015,2638,2489
5,11,2015,2628,2480
6,11,2015,2669,2518
7,11,2015,2680,2529
8,11,2015,2666,2516
9,11,2015,2674,2523
10,11,2015,2671,2517
11,11,2015,2682,2530
12,11,2015,2668,2516
13,11,2015,2685,2533
14,11,2015,2690,2538
15,11,2015,2685,2532
16,11,2015,2699,2547
17,11,2015,2692,2540
18,11,2015,2686,2534
19,11,2015,2684,2533
20,11,2015,2693,2541
21,11,2015,2697,2544
22,11,2015,2677,2526
23,11,2015,2679,2527
24,11,2015,2685,2533
25,11,2015,2677,2527
26,11,2015,2650,2501
27,11,2015,2663,2512
28,11,2015,2662,2511
29,11,2015,2701,2548
30,11,2015,2686,2534
1,12,2015,2685,2532
2,12,2015,2699,2546
3,12,2015,2674,2522
4,12,2015,2670,2518
5,12,2015,2682,2530
6,12,2015,2739,2584
7,12,2015,2741,2586
8,12,2015,2757,2601
9,12,2015,2748,2592
10,12,2015,2747,2590
11,12,2015,2758,2601
12,12,2015,2760,2603
13,12,2015,2750,2594
14,12,2015,2771,2614
15,12,2015,2783,2626
16,12,2015,2778,2620
17,12,2015,2780,2622
18,12,2015,2778,2620
19,12,2015,2762,2605
20,12,2015,2751,2596
21,12,2015,2779,2622
22,12,2015,2769,2612
23,12,2015,2760,2603
24,12,2015,2757,2601
25,12,2015,2736,2582
26,12,2015,2724,2569
27,12,2015,2722,2568
28,12,2015,2744,2588
29,12,2015,2748,2592
30,12,2015,2764,2608
31,12,2015,2767,2611
1,1,2016,2779,2621
2,1,2016,2783,2626
3,1,2016,2777,2619
4,1,2016,2769,2612
5,1,2016,2751,2596
6,1,2016,2767,2611
7,1,2016,2770,2613
8,1,2016,2760,2602
9,1,2016,2772,2615
10,1,2016,2779,2621
11,1,2016,2781,2623
12,1,2016,2787,2629
13,1,2016,2812,2652
14,1,2016,2809,2650
15,1,2016,2812,2652
16,1,2016,2816,2657
17,1,2016,2805,2647
18,1,2016,2801,2643
19,1,2016,2814,2655
20,1,2016,2823,2663
21,1,2016,2814,2655
22,1,2016,2849,2687
23,1,2016,2852,2688
24,1,2016,2865,2701
25,1,2016,2865,2704
26,1,2016,2869,2704
27,1,2016,2867,2705
28,1,2016,2863,2701
29,1,2016,2881,2719
30,1,2016,2897,2734
31,1,2016,2860,2698
1,2,2016,2861,2700
2,2,2016,2856,2694
3,2,2016,2865,2703
4,2,2016,2851,2689
5,2,2016,2853,2691
6,2,2016,2859,2699
7,2,2016,2863,2699
8,2,2016,2873,2710
9,2,2016,2867,2705
10,2,2016,2849,2687
11,2,2016,2868,2706
12,2,2016,2868,2705
13,2,2016,2868,2705
14,2,2016,2889,2725
15,2,2016,2896,2731
16,2,2016,2912,2747
17,2,2016,2918,2754
18,2,2016,2920,2755
19,2,2016,2897,2733
20,2,2016,2887,2724
21,2,2016,2888,2724
22,2,2016,2882,2718
23,2,2016,2884,2719
24,2,2016,2877,2714
25,2,2016,2890,2726
26,2,2016,2911,2743
27,2,2016,2927,2760
28,2,2016,2946,2779
29,2,2016,2947,2780
1,3,2016,2922,2756
2,3,2016,2919,2753
3,3,2016,2918,2753
4,3,2016,2922,2755
5,3,2016,2903,2740
6,3,2016,2892,2728
7,3,2016,2849,2686
8,3,2016,2833,2672
9,3,2016,2842,2681
10,3,2016,2847,2685
11,3,2016,2847,2686
12,3,2016,2865,2704
13,3,2016,2853,2691
14,3,2016,2873,2710
15,3,2016,2889,2727
16,3,2016,2864,2701
17,3,2016,2876,2709
18,3,2016,2875,2712
19,3,2016,2879,2715
20,3,2016,2882,2719
21,3,2016,2875,2708
22,3,2016,2887,2720
23,3,2016,2903,2740
24,3,2016,2901,2737
25,3,2016,2888,2721
26,3,2016,2846,2686
27,3,2016,2847,2685
28,3,2016,2843,2682
29,3,2016,2850,2688
30,3,2016,2849,2688
31,3,2016,2850,2688
1,4,2016,2855,2690
2,4,2016,2872,2709
3,4,2016,2888,2724
4,4,2016,2902,2738
5,4,2016,2880,2717
6,4,2016,2868,2701
7,4,2016,2859,2698
8,4,2016,2849,2687
9,4,2016,2849,2686
10,4,2016,2858,2696
11,4,2016,2852,2692
12,4,2016,2846,2685
13,4,2016,2839,2678
14,4,2016,2846,2686
15,4,2016,2857,2696
16,4,2016,2870,2708
17,4,2016,2860,2698
18,4,2016,2852,2692
19,4,2016,2852,2692
20,4,2016,2876,2714
21,4,2016,2876,2714
22,4,2016,2880,2718
23,4,2016,2872,2711
24,4,2016,2872,2711
25,4,2016,2894,2731
26,4,2016,2935,2770
27,4,2016,2925,2761
28,4,2016,2923,2758
29,4,2016,2898,2735
30,4,2016,2880,2715
1,5,2016,2885,2722
2,5,2016,2907,2743
3,5,2016,2905,2740
4,5,2016,2910,2746
5,5,2016,2902,2738
6,5,2016,2899,2735
7,5,2016,2926,2760
8,5,2016,2967,2798
9,5,2016,2992,2823
10,5,2016,3004,2834
11,5,2016,2999,2829
12,5,2016,2988,2819
13,5,2016,2985,2816
14,5,2016,3002,2832
15,5,2016,3027,2855
16,5,2016,3019,2848
17,5,2016,3022,2852
18,5,2016,3036,2864
19,5,2016,3061,2888
20,5,2016,3123,2946
21,5,2016,3153,2976
22,5,2016,3190,3010
23,5,2016,3181,3002
24,5,2016,3165,2986
25,5,2016,3167,2988
26,5,2016,3103,2928
27,5,2016,3099,2924
28,5,2016,3193,3012
29,5,2016,3177,2997
30,5,2016,3169,2989
31,5,2016,3129,2949
1,6,2016,3121,2944
2,6,2016,3120,2944
3,6,2016,3180,3001
4,6,2016,3127,2951
5,6,2016,3148,2970
6,6,2016,3145,2968
7,6,2016,3121,2944
8,6,2016,3167,2989
9,6,2016,3201,3021
10,6,2016,3171,2991
11,6,2016,3164,2985
12,6,2016,3157,2978
13,6,2016,3170,2991
14,6,2016,3152,2974
15,6,2016,3158,2981
16,6,2016,3189,3009
17,6,2016,3152,2975
18,6,2016,3228,3047
19,6,2016,3240,3056
20,6,2016,3334,3145
21,6,2016,3348,3157
22,6,2016,3405,3212
23,6,2016,3400,3208
24,6,2016,3427,3233
25,6,2016,3397,3205
26,6,2016,3440,3245
27,6,2016,3457,3261
28,6,2016,3407,3213
29,6,2016,3381,3191
30,6,2016,3404,3211
1,7,2016,3393,3200
2,7,2016,3388,3196
3,7,2016,3514,3316
4,7,2016,3474,3277
5,7,2016,3508,3309
6,7,2016,3504,3306
7,7,2016,3472,3277
8,7,2016,3479,3282
9,7,2016,3528,3327
10,7,2016,3510,3310
11,7,2016,3440,3245
12,7,2016,3368,3177
13,7,2016,3356,3165
14,7,2016,3367,3177
15,7,2016,3374,3183
16,7,2016,3379,3184
17,7,2016,3390,3198
18,7,2016,3377,3187
19,7,2016,3397,3204
20,7,2016,3415,3222
21,7,2016,3432,3238
22,7,2016,3465,3268
23,7,2016,3419,3226
24,7,2016,3409,3216
25,7,2016,3388,3196
26,7,2016,3336,3148
27,7,2016,3351,3161
28,7,2016,3394,3201
29,7,2016,3408,3214
30,7,2016,3411,3218
31,7,2016,3378,3187
1,8,2016,3420,3227
2,8,2016,3423,3231
3,8,2016,3380,3189
4,8,2016,3354,3164
5,8,2016,3373,3182
6,8,2016,3357,3168
7,8,2016,3373,3183
8,8,2016,3369,3180
9,8,2016,3371,3180
10,8,2016,3352,3163
11,8,2016,3374,3184
12,8,2016,3376,3186
13,8,2016,3400,3209
14,8,2016,3373,3182
15,8,2016,3363,3174
16,8,2016,3374,3183
17,8,2016,3415,3222
18,8,2016,3400,3209
19,8,2016,3378,3187
20,8,2016,3315,3128
21,8,2016,3340,3151
22,8,2016,3268,3083
23,8,2016,3266,3081
24,8,2016,3261,3076
25,8,2016,3269,3083
26,8,2016,3286,3099
27,8,2016,3296,3111
28,8,2016,3296,3109
29,8,2016,3314,3127
30,8,2016,3311,3124
31,8,2016,3324,3136
1,9,2016,3299,3111
2,9,2016,3295,3109
3,9,2016,3283,3096
4,9,2016,3297,3111
5,9,2016,3285,3099
6,9,2016,3283,3097
7,9,2016,3296,3109
8,9,2016,3297,3110
9,9,2016,3338,3149
10,9,2016,3327,3139
11,9,2016,3322,3134
12,9,2016,3285,3099
13,9,2016,3284,3098
14,9,2016,3292,3103
15,9,2016,3277,3091
16,9,2016,3300,3113
17,9,2016,3305,3117
18,9,2016,3303,3116
19,9,2016,3300,3113
20,9,2016,3308,3120
21,9,2016,3309,3121
22,9,2016,3325,3138
23,9,2016,3349,3160
24,9,2016,3374,3184
25,9,2016,3373,3182
26,9,2016,3359,3169
27,9,2016,3357,3167
28,9,2016,3379,3189
29,9,2016,3477,3280
30,9,2016,3464,3269
1,10,2016,3550,3350
2,10,2016,3437,3242
3,10,2016,3430,3235
4,10,2016,3429,3236
5,10,2016,3382,3190
6,10,2016,3415,3223
7,10,2016,3423,3231
8,10,2016,3408,3217
9,10,2016,3416,3222
10,10,2016,3427,3233
11,10,2016,3429,3234
12,10,2016,3432,3237
13,10,2016,3434,3240
14,10,2016,3488,3286
15,10,2016,3459,3263
16,10,2016,3480,3283
17,10,2016,3478,3282
18,10,2016,3522,3324
19,10,2016,3510,3312
20,10,2016,3448,3253
21,10,2016,3463,3267
22,10,2016,3493,3296
23,10,2016,3526,3327
24,10,2016,3520,3320
25,10,2016,3499,3302
26,10,2016,3514,3316
27,10,2016,3532,3332
28,10,2016,3545,3345
29,10,2016,3551,3348
30,10,2016,3591,3388
31,10,2016,3625,3419
1,11,2016,3672,3460
2,11,2016,3790,3576
3,11,2016,3752,3539
4,11,2016,3756,3541
5,11,2016,3759,3546
6,11,2016,3743,3531
7,11,2016,3613,3407
8,11,2016,3613,3410
9,11,2016,3724,3514
10,11,2016,3696,3486
11,11,2016,3771,3555
12,11,2016,3849,3631
13,11,2016,3810,3593
14,11,2016,3793,3579
15,11,2016,3777,3561
16,11,2016,3658,3449
17,11,2016,3606,3399
18,11,2016,3526,3327
19,11,2016,3623,3414
20,11,2016,3533,3331
21,11,2016,3516,3317
22,11,2016,3566,3361
23,11,2016,3753,3537
24,11,2016,3924,3700
25,11,2016,3831,3610
26,11,2016,3799,3575
27,11,2016,3815,3590
28,11,2016,3794,3571
29,11,2016,3674,3466
30,11,2016,3764,3549
1,12,2016,3803,3584
2,12,2016,3836,3615
3,12,2016,3907,3681
4,12,2016,3878,3654
5,12,2016,3867,3644
6,12,2016,3936,3704
7,12,2016,3948,3715
8,12,2016,4021,3788
9,12,2016,4045,3807
10,12,2016,4040,3807
11,12,2016,4049,3811
12,12,2016,3961,3732
13,12,2016,4012,3776
14,12,2016,4010,3779
15,12,2016,4043,3810
16,12,2016,4075,3840
17,12,2016,4064,3834
18,12,2016,4030,3798
19,12,2016,4025,3792
20,12,2016,4019,3787
21,12,2016,3996,3765
22,12,2016,3970,3739
23,12,2016,3964,3735
24,12,2016,3983,3756
25,12,2016,4276,4028
26,12,2016,3991,3760
27,12,2016,4004,3772
28,12,2016,4032,3803
29,12,2016,4061,3830
30,12,2016,4143,3904
31,12,2016,4077,3842
1,1,2017,4106,3871
2,1,2017,4112,3879
3,1,2017,4069,3834
4,1,2017,4028,3795
5,1,2017,4030,3797
6,1,2017,4050,3818
7,1,2017,4078,3847
8,1,2017,4056,3822
9,1,2017,3976,3746
10,1,2017,3917,3693
11,1,2017,3956,3727
12,1,2017,3900,3675
13,1,2017,3960,3737
14,1,2017,3990,3761
15,1,2017,3998,3767
16,1,2017,4008,3775
17,1,2017,3980,3750
18,1,2017,3996,3765
19,1,2017,3998,3767
20,1,2017,3993,3762
21,1,2017,4051,3817
22,1,2017,4052,3822
23,1,2017,4093,3861
24,1,2017,4080,3847
25,1,2017,4080,3849
26,1,2017,4116,3878
27,1,2017,4103,3869
28,1,2017,4126,3890
29,1,2017,4095,3863
30,1,2017,4113,3880
31,1,2017,4114,3879
1,2,2017,4125,3891
2,2,2017,4149,3914
3,2,2017,4170,3931
4,2,2017,4160,3922
5,2,2017,4153,3915
6,2,2017,4152,3917
7,2,2017,4172,3936
8,2,2017,4176,3940
9,2,2017,4152,3917
10,2,2017,4169,3932
11,2,2017,4182,3944
12,2,2017,4236,3996
13,2,2017,4309,4064
14,2,2017,4336,4090
15,2,2017,4413,4163
16,2,2017,4511,4253
17,2,2017,4497,4242
18,2,2017,4506,4250
19,2,2017,4540,4282
20,2,2017,4511,4252
21,2,2017,4615,4354
22,2,2017,4613,4350
23,2,2017,4681,4415
24,2,2017,4607,4346
25,2,2017,4595,4335
26,2,2017,4351,4100
27,2,2017,4368,4120
28,2,2017,4440,4183
1,3,2017,4388,4136
2,3,2017,4488,4234
3,3,2017,4527,4269
4,3,2017,4411,4161
5,3,2017,4356,4109
6,3,2017,8344,4097
7,3,2017,4397,4147
8,3,2017,4343,4097
9,3,2017,4432,4176
10,3,2017,4432,4176
11,3,2017,4423,4169
12,3,2017,4356,4109
13,3,2017,4336,4089
14,3,2017,4339,4093
15,3,2017,4335,4088
16,3,2017,4356,4108
17,3,2017,4379,4131
18,3,2017,4360,4109
19,3,2017,4375,4128
20,3,2017,4364,4114
21,3,2017,4381,4132
22,3,2017,4374,4126
23,3,2017,4354,4107
24,3,2017,4342,4094
25,3,2017,4284,4036
26,3,2017,4252,4011
27,3,2017,4189,3947
28,3,2017,4206,3963
29,3,2017,4193,3956
30,3,2017,4248,4002
31,3,2017,4255,4012
1,4,2017,4232,3992
2,4,2017,4274,4031
3,4,2017,4276,4029
4,4,2017,4293,4048
5,4,2017,4228,3984
6,4,2017,4238,3993
7,4,2017,4264,4019
8,4,2017,4308,4064
9,4,2017,4311,4062
10,4,2017,4242,4002
11,4,2017,4260,4015
12,4,2017,4260,4015
13,4,2017,4260,4015
14,4,2017,4259,4017
15,4,2017,4286,4043
16,4,2017,4304,4059
17,4,2017,4265,4023
18,4,2017,4272,4022
19,4,2017,4286,4043
20,4,2017,4292,4043
21,4,2017,4200,3957
22,4,2017,4218,3979
23,4,2017,4252,4011
24,4,2017,4297,4050
25,4,2017,4276,4028
26,4,2017,4293,4048
27,4,2017,4360,4109
28,4,2017,4171,3930
29,4,2017,4186,3945
30,4,2017,4163,3925
1,5,2017,4190,3952
2,5,2017,4211,3967
3,5,2017,4197,3959
4,5,2017,4168,3931
5,5,2017,4147,3909
6,5,2017,4127,3890
7,5,2017,4143,3905
8,5,2017,4055,3825
9,5,2017,3995,3765
10,5,2017,3997,3770
11,5,2017,3979,3753
12,5,2017,3929,3706
13,5,2017,3920,3697
14,5,2017,3991,3763
15,5,2017,4028,3798
16,5,2017,4044,3810
17,5,2017,4054,3815
18,5,2017,4101,3869
19,5,2017,4113,3880
20,5,2017,4038,3809
21,5,2017,4028,3800
22,5,2017,4020,3789
23,5,2017,4008,3777
24,5,2017,4055,3823
25,5,2017,4078,3849
26,5,2017,4112,3877
27,5,2017,4122,3888
28,5,2017,4113,3880
29,5,2017,4088,3856
30,5,2017,4108,3874
31,5,2017,4142,3909
1,6,2017,4113,3880
2,6,2017,4112,3879
3,6,2017,4132,3896
4,6,2017,4150,3910
5,6,2017,4213,3970
6,6,2017,4226,3983
7,6,2017,4174,3936
8,6,2017,4187,3950
9,6,2017,4034,3804
10,6,2017,4043,3809
11,6,2017,4068,3836
12,6,2017,4036,3806
13,6,2017,4032,3801
14,6,2017,3971,3743
15,6,2017,4018,3788
16,6,2017,4032,3802
17,6,2017,4084,3850
18,6,2017,4074,3843
19,6,2017,4058,3828
20,6,2017,4052,3822
21,6,2017,4040,3813
22,6,2017,4035,3806
23,6,2017,4045,3812
24,6,2017,4068,3832
25,6,2017,4016,3790
26,6,2017,4016,3789
27,6,2017,3945,3717
28,6,2017,3986,3760
29,6,2017,4023,3792
30,6,2017,4018,3788
1,7,2017,4024,3797
2,7,2017,3976,3752
3,7,2017,3969,3743
4,7,2017,3909,3687
5,7,2017,3878,3657
6,7,2017,3867,3647
7,7,2017,3897,3676
8,7,2017,3952,3728
9,7,2017,3945,3722
10,7,2017,3938,3716
11,7,2017,3878,3656
12,7,2017,3814,3597
13,7,2017,3773,3559
14,7,2017,3808,3590
15,7,2017,3753,3535
16,7,2017,3718,3504
17,7,2017,3759,3541
18,7,2017,3745,3530
19,7,2017,3820,3603
20,7,2017,3846,3626
21,7,2017,3828,3609
22,7,2017,3842,3624
23,7,2017,3851,3630
24,7,2017,3850,3632
25,7,2017,3887,3667
26,7,2017,3860,3641
27,7,2017,3868,3648
28,7,2017,3866,3645
29,7,2017,3857,3639
30,7,2017,3877,3658
31,7,2017,3875,3655
1,8,2017,3879,3660
2,8,2017,3830,3612
3,8,2017,3780,3565
4,8,2017,3825,3610
5,8,2017,3874,3654
6,8,2017,3867,3648
7,8,2017,3864,3645
8,8,2017,3885,3665
9,8,2017,3883,3660
10,8,2017,3917,3695
11,8,2017,3891,3671
12,8,2017,3865,3647
13,8,2017,3897,3676
14,8,2017,3871,3654
15,8,2017,3936,3712
16,8,2017,3967,3742
17,8,2017,3949,3725
18,8,2017,3960,3734
19,8,2017,3992,3765
20,8,2017,3966,3743
21,8,2017,3944,3721
22,8,2017,3947,3723
23,8,2017,3928,3706
24,8,2017,3928,3701
25,8,2017,3918,3695
26,8,2017,3972,3746
27,8,2017,3961,3736
28,8,2017,3977,3747
29,8,2017,4064,3829
30,8,2017,4078,3846
31,8,2017,4086,3856
1,9,2017,4123,3888
2,9,2017,4172,3933
3,9,2017,4167,3931
4,9,2017,4187,3948
5,9,2017,4200,3959
6,9,2017,4213,3973
7,9,2017,4204,3963
8,9,2017,4243,4003
9,9,2017,4246,4005
10,9,2017,4269,4022
11,9,2017,4251,4010
12,9,2017,4233,3993
13,9,2017,4248,4008
14,9,2017,4175,3939
15,9,2017,4232,3992
16,9,2017,4221,3982
17,9,2017,4198,3960
18,9,2017,4226,3986
19,9,2017,4161,3925
20,9,2017,4148,3913
21,9,2017,4133,3899
22,9,2017,4066,3835
23,9,2017,3980,3755
24,9,2017,3965,3740
25,9,2017,3995,3768
26,9,2017,3992,3761
27,9,2017,4001,3769
28,9,2017,3992,3763
29,9,2017,3985,3757
30,9,2017,3953,3728
1,10,2017,3968,3744
2,10,2017,4010,3780
3,10,2017,4026,3798
4,10,2017,4036,3809
5,10,2017,4061,3832
6,10,2017,4073,3845
7,10,2017,4084,3854
8,10,2017,4094,3863
9,10,2017,4100,3868
10,10,2017,4154,3921
11,10,2017,4132,3895
12,10,2017,4132,3897
13,10,2017,4120,3884
14,10,2017,4125,3892
15,10,2017,4110,3878
16,10,2017,4105,3874
17,10,2017,4132,3899
18,10,2017,4186,3944
19,10,2017,4142,3906
20,10,2017,4136,3902
21,10,2017,4138,3904
22,10,2017,4134,3900
23,10,2017,4107,3873
24,10,2017,3934,3708
25,10,2017,3951,3726
26,10,2017,4013,3785
27,10,2017,4010,3786
28,10,2017,4074,3843
29,10,2017,4091,3859
30,10,2017,4100,3864
31,10,2017,4090,3858
1,11,2017,4078,3846
2,11,2017,4067,3835
3,11,2017,4115,3882
4,11,2017,4101,3870
5,11,2017,4067,3838
6,11,2017,4067,3836
7,11,2017,4107,3873
8,11,2017,4069,3838
9,11,2017,4070,3839
10,11,2017,4057,3828
11,11,2017,4091,3857
12,11,2017,4092,3860
13,11,2017,4038,3810
14,11,2017,4015,3788
15,11,2017,4025,3797
16,11,2017,4002,3773
17,11,2017,4018,3791
18,11,2017,4056,3827
19,11,2017,3963,3739
20,11,2017,3998,3771
21,11,2017,4017,3790
22,11,2017,3943,3721
23,11,2017,3962,3738
24,11,2017,3962,3738
25,11,2017,3926,3703
26,11,2017,3919,3697
27,11,2017,3958,3733
28,11,2017,3987,3754
29,11,2017,3987,3760
30,11,2017,3970,3745
1,12,2017,3983,3757
2,12,2017,3963,3739
3,12,2017,3966,3736
4,12,2017,3950,3726
5,12,2017,3966,3743
6,12,2017,4021,3792
7,12,2017,4032,3804
8,12,2017,3977,3752
9,12,2017,3970,3747
10,12,2017,4001,3776
11,12,2017,4010,3782
12,12,2017,4026,3797
13,12,2017,4051,3824
14,12,2017,4022,3794
15,12,2017,4028,3800
16,12,2017,4027,3799
17,12,2017,3993,3766
18,12,2017,4017,3789
19,12,2017,4010,3784
20,12,2017,4026,3798
21,12,2017,4074,3843
22,12,2017,4092,3861
23,12,2017,4103,3874
24,12,2017,4161,3925
25,12,2017,4192,3955
26,12,2017,4196,3958
27,12,2017,4194,3957
28,12,2017,4176,3942
29,12,2017,4214,3975
30,12,2017,4201,3962
31,12,2017,4177,3940
1,1,2018,4095,3863
2,1,2018,4065,3835
3,1,2018,4079,3850
4,1,2018,4095,3863
5,1,2018,4101,3869
6,1,2018,4088,3858
7,1,2018,4032,3803
8,1,2018,4058,3830
9,1,2018,4047,3820
10,1,2018,4080,3850
11,1,2018,4074,3843
12,1,2018,4075,3845
13,1,2018,4066,3835
14,1,2018,4053,3824
15,1,2018,4059,3831
16,1,2018,4081,3847
17,1,2018,4056,3828
18,1,2018,4068,3834
19,1,2018,4095,3863
20,1,2018,4119,3881
21,1,2018,4090,3860
22,1,2018,4104,3868
23,1,2018,4109,3871
24,1,2018,4100,3868
25,1,2018,4095,3863
26,1,2018,4076,3846
27,1,2018,4070,3838
28,1,2018,4097,3865
29,1,2018,4114,3883
30,1,2018,4076,3846
31,1,2018,4105,3873
1,2,2018,4105,3873
2,2,2018,4082,3852
3,2,2018,4071,3841
4,2,2018,4093,3862
5,2,2018,4123,3888
6,2,2018,4115,3882
7,2,2018,4112,3880
8,2,2018,4108,3877
9,2,2018,4105,3874
10,2,2018,4166,3931
11,2,2018,4165,3930
12,2,2018,4148,3913
13,2,2018,4185,3949
14,2,2018,4134,3901
15,2,2018,4083,3848
16,2,2018,4076,3844
17,2,2018,4097,3866
18,2,2018,4115,3882
19,2,2018,4126,3894
20,2,2018,4142,3908
21,2,2018,4136,3902
22,2,2018,4209,3973
23,2,2018,4236,3996
24,2,2018,4186,3949
25,2,2018,4228,3989
26,2,2018,4297,4055
27,2,2018,4318,4070
28,2,2018,4325,4082
1,3,2018,4292,4050
2,3,2018,4323,4080
3,3,2018,4328,4083
4,3,2018,4341,4090
5,3,2018,4322,4079
6,3,2018,4409,4160
7,3,2018,4368,4121
8,3,2018,4391,4143
9,3,2018,4490,4236
10,3,2018,4521,4265
11,3,2018,4622,4362
12,3,2018,4494,4240
13,3,2018,4472,4216
14,3,2018,4433,4183
15,3,2018,4367,4120
16,3,2018,4365,4118
17,3,2018,4404,4154
18,3,2018,4356,4109
19,3,2018,4401,4151
20,3,2018,4370,4122
21,3,2018,4442,4191
22,3,2018,4476,4222
23,3,2018,4455,4204
24,3,2018,4383,4134
25,3,2018,4361,4117
26,3,2018,4385,4136
27,3,2018,4388,4138
28,3,2018,4405,4156
29,3,2018,4380,4132
30,3,2018,4387,4139
31,3,2018,4408,4160
1,4,2018,4440,4190
2,4,2018,4471,4218
3,4,2018,4493,4238
4,4,2018,4510,4255
5,4,2018,4519,4261
6,4,2018,4545,4287
7,4,2018,4497,4242
8,4,2018,4525,4267
9,4,2018,4539,4282
10,4,2018,4523,4266
11,4,2018,4470,4217
12,4,2018,4486,4233
13,4,2018,4440,4190
14,4,2018,4472,4218
15,4,2018,4446,4194
16,4,2018,4412,4162
17,4,2018,4443,4192
18,4,2018,4389,4140
19,4,2018,4344,4098
20,4,2018,4387,4139
21,4,2018,4329,4083
22,4,2018,4343,4094
23,4,2018,4307,4060
24,4,2018,4321,4075
25,4,2018,4376,4127
26,4,2018,4382,4134
27,4,2018,4398,4149
28,4,2018,4425,4174
29,4,2018,4400,4152
30,4,2018,4395,4147
1,5,2018,4380,4132
2,5,2018,4370,4122
3,5,2018,4342,4096
4,5,2018,4384,4137
5,5,2018,4430,4177
6,5,2018,4370,4119
7,5,2018,4396,4146
8,5,2018,4400,4152
9,5,2018,4392,4142
10,5,2018,4465,4214
11,5,2018,4357,4109
12,5,2018,4323,4078
13,5,2018,4362,4115
14,5,2018,4391,4143
15,5,2018,4374,4126
16,5,2018,4372,4124
17,5,2018,4349,4104
18,5,2018,4371,4124
19,5,2018,4345,4099
20,5,2018,4349,4103
21,5,2018,4341,4095
22,5,2018,4326,4081
23,5,2018,4327,4083
24,5,2018,4300,4057
25,5,2018,4311,4068
26,5,2018,4311,4067
27,5,2018,4227,3990
28,5,2018,4159,3925
29,5,2018,4165,3929
30,5,2018,4155,3920
31,5,2018,4136,3902
1,6,2018,4109,3877
2,6,2018,4097,3864
3,6,2018,4107,3874
4,6,2018,4112,3880
5,6,2018,4077,3847
6,6,2018,4135,3901
7,6,2018,4144,3911
8,6,2018,4136,3904
9,6,2018,4182,3946
10,6,2018,4216,3979
11,6,2018,4239,4001
12,6,2018,4263,4022
13,6,2018,4235,3997
14,6,2018,4247,4007
15,6,2018,4313,4068
16,6,2018,4274,4028
17,6,2018,4308,4065
18,6,2018,4319,4075
19,6,2018,4292,4052
20,6,2018,4296,4053
21,6,2018,4322,4077
22,6,2018,4290,4048
23,6,2018,4283,4042
24,6,2018,4261,4019
25,6,2018,4249,4011
26,6,2018,4230,3992
27,6,2018,4210,3972
28,6,2018,4234,3995
29,6,2018,4244,4006
30,6,2018,4240,4001
1,7,2018,4199,3963
2,7,2018,4214,3977
3,7,2018,4138,3904
4,7,2018,4115,3884
5,7,2018,4143,3909
6,7,2018,4162,3926
7,7,2018,4141,3908
8,7,2018,4172,3936
9,7,2018,4161,3925
10,7,2018,4171,3936
11,7,2018,4203,3966
12,7,2018,4156,3923
13,7,2018,4150,3915
14,7,2018,4110,3877
15,7,2018,4125,3892
16,7,2018,4106,3876
17,7,2018,4104,3874
18,7,2018,4130,3896
19,7,2018,4073,3845
20,7,2018,4055,3826
21,7,2018,4061,3834
22,7,2018,4135,3901
23,7,2018,4135,3901
24,7,2018,4166,3931
25,7,2018,4176,3937
26,7,2018,4265,4023
27,7,2018,4325,4080
28,7,2018,4307,4061
29,7,2018,4295,4053
30,7,2018,4212,3972
31,7,2018,4198,3961
1,8,2018,4232,3994
2,8,2018,4216,3980
3,8,2018,4189,3952
4,8,2018,4208,3965
5,8,2018,4210,3972
6,8,2018,4156,3923
7,8,2018,4155,3920
8,8,2018,4233,3995
9,8,2018,4219,3982
10,8,2018,4244,4004
11,8,2018,4235,3995
12,8,2018,4197,3957
13,8,2018,4172,3936
14,8,2018,4223,3982
15,8,2018,4190,3952
16,8,2018,4181,3944
17,8,2018,4291,4046
18,8,2018,4287,4042
19,8,2018,4372,4126
20,8,2018,4329,4081
21,8,2018,4406,4156
22,8,2018,4403,4145
23,8,2018,4391,4138
24,8,2018,4361,4110
25,8,2018,4359,4108
26,8,2018,4329,4074
27,8,2018,4313,4064
28,8,2018,4311,4059
29,8,2018,4325,4076
30,8,2018,4247,4004
31,8,2018,4224,3979
1,9,2018,4268,4020
2,9,2018,4248,3997
3,9,2018,4271,4030
4,9,2018,4266,4020
5,9,2018,4199,3954
6,9,2018,4209,3967
7,9,2018,4242,3996
8,9,2018,4247,4002
9,9,2018,4282,4030
10,9,2018,4257,4016
11,9,2018,4317,4068
12,9,2018,4298,4049
13,9,2018,4253,4006
14,9,2018,4288,4036
15,9,2018,4276,4029
16,9,2018,4360,4108
17,9,2018,4354,4104
18,9,2018,4297,4049
19,9,2018,4307,4060
20,9,2018,4334,4084
21,9,2018,4324,4074
22,9,2018,4333,4083
