1,4,1,2010,1013,917
2,5,1,2010,1025,928
3,6,1,2010,1034,937
4,7,1,2010,1026,929
5,8,1,2010,1046,947
6,9,1,2010,1056,978
7,10,1,2010,1044,967
8,11,1,2010,1047,970
9,12,1,2010,1051,973
10,13,1,2010,1043,967
11,14,1,2010,1044,967
12,15,1,2010,1050,972
13,16,1,2010,1035,958
14,17,1,2010,1019,944
15,18,1,2010,1029,953
16,19,1,2010,1028,953
17,20,1,2010,1033,957
18,21,1,2010,1027,951
19,22,1,2010,1020,945
20,23,1,2010,1019,944
21,24,1,2010,1039,962
22,25,1,2010,1049,971
23,26,1,2010,1040,963
24,27,1,2010,1015,940
25,28,1,2010,1011,936
26,29,1,2010,1008,934
27,30,1,2010,1015,940
28,31,1,2010,1012,938
29,1,2,2010,1029,953
30,2,2,2010,1046,969
31,3,2,2010,1032,956
32,4,2,2010,1035,959
33,5,2,2010,1055,977
34,6,2,2010,1043,966
35,7,2,2010,1036,960
36,8,2,2010,1028,953
37,9,2,2010,1044,967
38,10,2,2010,1042,965
39,11,2,2010,1054,977
40,12,2,2010,1056,978
41,13,2,2010,1047,970
42,14,2,2010,1033,957
43,15,2,2010,1031,955
44,16,2,2010,1013,939
45,17,2,2010,1005,931
46,18,2,2010,1015,940
47,19,2,2010,1026,951
48,20,2,2010,1019,944
49,21,2,2010,1025,950
50,22,2,2010,1008,934
51,23,2,2010,1011,937
52,24,2,2010,1009,935
53,25,2,2010,996,923
54,26,2,2010,997,924
55,27,2,2010,994,920
56,28,2,2010,1025,949
57,1,3,2010,1005,930
58,2,3,2010,1004,930
59,3,3,2010,1000,926
60,4,3,2010,1000,926
61,5,3,2010,1017,942
62,6,3,2010,1012,937
63,7,3,2010,1022,946
64,8,3,2010,1023,948
65,9,3,2010,1015,940
66,10,3,2010,1015,940
67,11,3,2010,1022,946
68,12,3,2010,1004,929
69,13,3,2010,1005,931
70,14,3,2010,1013,938
71,15,3,2010,1006,931
72,16,3,2010,1010,935
73,17,3,2010,1012,937
74,18,3,2010,1032,955
75,19,3,2010,1029,953
76,20,3,2010,1040,963
77,21,3,2010,1042,965
78,22,3,2010,1041,964
79,23,3,2010,1052,974
80,24,3,2010,1093,1012
81,25,3,2010,1071,991
82,26,3,2010,1061,982
83,27,3,2010,1085,1005
84,28,3,2010,1088,1007
85,29,3,2010,1087,1006
86,30,3,2010,1094,1013
87,31,3,2010,1089,1008
88,1,4,2010,1093,1012
89,2,4,2010,1071,991
90,3,4,2010,1075,996
91,4,4,2010,1078,998
92,5,4,2010,1093,1012
93,6,4,2010,1111,1029
94,7,4,2010,1110,1028
95,8,4,2010,1088,1007
96,9,4,2010,1095,1014
97,10,4,2010,1115,1032
98,11,4,2010,1101,1019
99,12,4,2010,1088,1007
100,13,4,2010,1114,1032
101,14,4,2010,1135,1051
102,15,4,2010,1135,1051
103,16,4,2010,1127,1043
104,17,4,2010,1099,1017
105,18,4,2010,1104,1023
106,19,4,2010,1096,1015
107,20,4,2010,1104,1022
108,21,4,2010,1120,1037
109,22,4,2010,1112,1030
110,23,4,2010,1093,1012
111,24,4,2010,1101,1019
112,25,4,2010,1098,1017
113,26,4,2010,1108,1026
114,27,4,2010,1117,1034
115,28,4,2010,1103,1021
116,29,4,2010,1114,1032
117,30,4,2010,1108,1026
118,1,5,2010,1066,987
119,2,5,2010,1075,996
120,3,5,2010,1073,994
121,4,5,2010,1053,975
122,5,5,2010,1061,983
123,6,5,2010,1050,972
124,7,5,2010,1050,972
125,8,5,2010,1050,972
126,9,5,2010,1050,972
127,10,5,2010,1050,972
128,11,5,2010,1050,972
129,12,5,2010,1050,972
130,13,5,2010,1050,972
131,14,5,2010,1050,972
132,15,5,2010,1050,972
133,16,5,2010,1064,985
134,17,5,2010,1054,976
135,18,5,2010,1063,984
136,19,5,2010,1068,989
137,20,5,2010,1066,987
138,21,5,2010,1060,981
139,22,5,2010,1050,972
140,23,5,2010,1052,974
141,24,5,2010,1053,975
142,25,5,2010,1053,976
143,26,5,2010,1046,969
144,27,5,2010,1041,964
145,28,5,2010,1022,946
146,29,5,2010,1025,950
147,30,5,2010,1027,951
148,31,5,2010,1028,952
149,1,6,2010,1028,952
150,2,6,2010,1035,959
151,3,6,2010,1043,966
152,4,6,2010,1037,961
153,5,6,2010,1041,964
154,6,6,2010,1041,964
155,7,6,2010,1044,967
156,8,6,2010,1053,975
157,9,6,2010,1061,982
158,10,6,2010,1068,989
159,11,6,2010,1069,990
160,12,6,2010,1064,986
161,13,6,2010,1060,982
162,14,6,2010,1063,985
163,15,6,2010,1060,982
164,16,6,2010,1054,976
165,17,6,2010,1067,987
166,18,6,2010,1071,992
167,19,6,2010,1069,991
168,20,6,2010,1066,987
169,21,6,2010,1079,999
170,22,6,2010,1071,992
171,23,6,2010,1075,996
172,24,6,2010,1070,990
173,25,6,2010,1074,994
174,26,6,2010,1081,1002
175,27,6,2010,1074,995
176,28,6,2010,1061,983
177,29,6,2010,1066,987
178,30,6,2010,1084,1004
179,1,7,2010,1091,1011
180,2,7,2010,1090,1010
181,3,7,2010,1092,1011
182,4,7,2010,1096,1015
183,5,7,2010,1099,1018
184,6,7,2010,1104,1023
185,7,7,2010,1103,1022
186,8,7,2010,1100,1019
187,9,7,2010,1111,1029
188,10,7,2010,1112,1030
189,11,7,2010,1111,1029
190,12,7,2010,1119,1037
191,13,7,2010,1120,1038
192,14,7,2010,1141,1057
193,15,7,2010,1144,1060
194,16,7,2010,1140,1056
195,17,7,2010,1150,1065
196,18,7,2010,1157,1072
197,19,7,2010,1153,1068
198,20,7,2010,1168,1082
199,21,7,2010,1171,1085
200,22,7,2010,1156,1071
201,23,7,2010,1165,1080
202,24,7,2010,1150,1066
203,25,7,2010,1153,1068
204,26,7,2010,1137,1053
205,27,7,2010,1141,1057
206,28,7,2010,1143,1058
207,29,7,2010,1147,1062
208,30,7,2010,1137,1053
209,31,7,2010,1147,1062
210,1,8,2010,1161,1076
211,2,8,2010,1153,1069
212,3,8,2010,1153,1068
213,4,8,2010,1144,1060
214,5,8,2010,1186,1099
215,6,8,2010,1201,1112
216,7,8,2010,1192,1104
217,8,8,2010,1191,1104
218,9,8,2010,1198,1110
219,10,8,2010,1178,1091
220,11,8,2010,1175,1088
221,12,8,2010,1161,1075
222,13,8,2010,1166,1080
223,14,8,2010,1162,1076
224,15,8,2010,1169,1083
225,16,8,2010,1186,1099
226,17,8,2010,1186,1099
227,18,8,2010,1184,1097
228,19,8,2010,1180,1093
229,20,8,2010,1190,1103
230,21,8,2010,1204,1115
231,22,8,2010,1203,1114
232,23,8,2010,1201,1113
233,24,8,2010,1216,1126
234,25,8,2010,1212,1123
235,26,8,2010,1197,1109
236,27,8,2010,1198,1110
237,28,8,2010,1191,1104
238,29,8,2010,1203,1114
239,30,8,2010,1202,1114
240,31,8,2010,1194,1106
241,1,9,2010,1183,1096
242,2,9,2010,1195,1106
243,3,9,2010,1197,1109
244,4,9,2010,1197,1108
245,5,9,2010,1192,1104
246,6,9,2010,1185,1097
247,7,9,2010,1174,1088
248,8,9,2010,1179,1092
249,9,9,2010,1196,1108
250,10,9,2010,1200,1111
251,11,9,2010,1195,1106
252,12,9,2010,1195,1106
253,13,9,2010,1193,1106
254,14,9,2010,1168,1081
255,15,9,2010,1163,1078
256,16,9,2010,1159,1074
257,17,9,2010,1157,1071
258,18,9,2010,1165,1079
259,19,9,2010,1167,1081
260,20,9,2010,1165,1079
261,21,9,2010,1157,1072
262,22,9,2010,1146,1062
263,23,9,2010,1146,1061
264,24,9,2010,1151,1066
265,25,9,2010,1138,1053
266,26,9,2010,1134,1051
267,27,9,2010,1122,1039
268,28,9,2010,1119,1037
269,29,9,2010,1129,1046
270,30,9,2010,1105,1024
271,1,10,2010,1134,1050
272,2,10,2010,1123,1041
273,3,10,2010,1124,1041
274,4,10,2010,1128,1045
275,5,10,2010,1129,1045
276,6,10,2010,1138,1055
277,7,10,2010,1139,1056
278,8,10,2010,1142,1058
279,9,10,2010,1139,1055
280,10,10,2010,1153,1068
281,11,10,2010,1151,1067
282,12,10,2010,1158,1073
283,13,10,2010,1161,1076
284,14,10,2010,1179,1092
285,15,10,2010,1174,1088
286,16,10,2010,1187,1099
287,17,10,2010,1182,1095
288,18,10,2010,1189,1101
289,19,10,2010,1183,1096
290,20,10,2010,1200,1111
291,21,10,2010,1196,1108
292,22,10,2010,1181,1094
293,23,10,2010,1197,1109
294,24,10,2010,1194,1107
295,25,10,2010,1193,1105
296,26,10,2010,1192,1104
297,27,10,2010,1182,1095
298,28,10,2010,1194,1106
299,29,10,2010,1190,1103
300,30,10,2010,1174,1088
301,31,10,2010,1174,1087
302,1,11,2010,1182,1095
303,2,11,2010,1195,1107
304,3,11,2010,1191,1103
305,4,11,2010,1189,1102
306,5,11,2010,1199,1110
307,6,11,2010,1194,1106
308,7,11,2010,1187,1100
309,8,11,2010,1183,1096
310,9,11,2010,1182,1096
311,10,11,2010,1183,1096
312,11,11,2010,1194,1106
313,12,11,2010,1191,1103
314,13,11,2010,1195,1108
315,14,11,2010,1209,1121
316,15,11,2010,1212,1124
317,16,11,2010,1215,1125
318,17,11,2010,1226,1136
319,18,11,2010,1215,1126
320,19,11,2010,1212,1123
321,20,11,2010,1216,1125
322,21,11,2010,1230,1139
323,22,11,2010,1237,1146
324,23,11,2010,1246,1154
325,24,11,2010,1243,1152
326,25,11,2010,1247,1155
327,26,11,2010,1247,1155
328,27,11,2010,1251,1159
329,28,11,2010,1242,1151
330,29,11,2010,1238,1147
331,30,11,2010,1246,1155
332,1,12,2010,1255,1163
333,2,12,2010,1260,1168
334,3,12,2010,1258,1165
335,4,12,2010,1249,1157
336,5,12,2010,1232,1141
337,6,12,2010,1229,1138
338,7,12,2010,1242,1150
339,8,12,2010,1245,1153
340,9,12,2010,1241,1150
341,10,12,2010,1245,1154
342,11,12,2010,1244,1152
343,12,12,2010,1243,1151
344,13,12,2010,1244,1153
345,14,12,2010,1242,1151
346,15,12,2010,1262,1168
347,16,12,2010,1276,1182
348,17,12,2010,1280,1185
349,18,12,2010,1283,1188
350,19,12,2010,1273,1179
351,20,12,2010,1278,1184
352,21,12,2010,1273,1179
353,22,12,2010,1271,1177
354,23,12,2010,1285,1190
355,24,12,2010,1270,1177
356,25,12,2010,1273,1179
357,26,12,2010,1281,1187
358,27,12,2010,1276,1182
359,28,12,2010,1277,1183
360,29,12,2010,1283,1188
361,30,12,2010,1275,1180
362,31,12,2010,1272,1178
363,1,1,2011,1271,1177
364,2,1,2011,1280,1185
365,3,1,2011,1284,1189
366,4,1,2011,1285,1191
367,5,1,2011,1289,1194
368,6,1,2011,1286,1192
369,7,1,2011,1291,1196
370,8,1,2011,1273,1179
371,9,1,2011,1262,1168
372,10,1,2011,1261,1168
373,11,1,2011,1255,1163
374,12,1,2011,1257,1164
375,13,1,2011,1245,1153
376,14,1,2011,1231,1140
377,15,1,2011,1236,1145
378,16,1,2011,1255,1163
379,17,1,2011,1266,1172
380,18,1,2011,1263,1170
381,19,1,2011,1273,1180
382,20,1,2011,1294,1198
383,21,1,2011,1305,1209
384,22,1,2011,1315,1218
385,23,1,2011,1313,1216
386,24,1,2011,1313,1216
387,25,1,2011,1324,1226
388,26,1,2011,1327,1229
389,27,1,2011,1311,1214
390,28,1,2011,1316,1219
391,29,1,2011,1305,1209
392,30,1,2011,1323,1225
393,31,1,2011,1318,1221
394,1,2,2011,1313,1217
395,2,2,2011,1309,1212
396,3,2,2011,1311,1214
397,4,2,2011,1315,1218
398,5,2,2011,1315,1218
399,6,2,2011,1356,1256
400,7,2,2011,1356,1255
401,8,2,2011,1366,1264
402,9,2,2011,1393,1290
403,10,2,2011,1445,1338
404,11,2,2011,1455,1348
405,12,2,2011,1500,1390
406,13,2,2011,1440,1334
407,14,2,2011,1426,1320
408,15,2,2011,1442,1335
409,16,2,2011,1466,1358
410,17,2,2011,1461,1354
411,18,2,2011,1509,1398
412,19,2,2011,1537,1424
413,20,2,2011,1559,1444
414,21,2,2011,1507,1396
415,22,2,2011,1441,1335
416,23,2,2011,1459,1351
417,24,2,2011,1489,1379
418,25,2,2011,1493,1382
419,26,2,2011,1546,1431
420,27,2,2011,1560,1445
421,28,2,2011,1542,1429
422,1,3,2011,1496,1386
423,2,3,2011,1536,1424
424,3,3,2011,1541,1427
425,4,3,2011,1533,1419
426,5,3,2011,1550,1436
427,6,3,2011,1543,1429
428,7,3,2011,1552,1437
429,8,3,2011,1552,1437
430,9,3,2011,1536,1423
431,10,3,2011,1544,1430
432,11,3,2011,1551,1436
433,12,3,2011,1520,1407
434,13,3,2011,1454,1347
435,14,3,2011,1414,1310
436,15,3,2011,1422,1316
437,16,3,2011,1396,1293
438,17,3,2011,1422,1317
439,18,3,2011,1437,1330
440,19,3,2011,1470,1362
441,20,3,2011,1438,1332
442,21,3,2011,1432,1327
443,22,3,2011,1440,1334
444,23,3,2011,1426,1320
445,24,3,2011,1432,1326
446,25,3,2011,1442,1336
447,26,3,2011,1446,1339
448,27,3,2011,1437,1330
449,28,3,2011,1439,1332
450,29,3,2011,1435,1328
451,30,3,2011,1424,1320
452,31,3,2011,1409,1305
453,1,4,2011,1395,1292
454,2,4,2011,1422,1316
455,3,4,2011,1421,1315
456,4,4,2011,1489,1379
457,5,4,2011,1476,1367
458,6,4,2011,1471,1363
459,7,4,2011,1457,1349
460,8,4,2011,1490,1380
461,9,4,2011,1507,1396
462,10,4,2011,1509,1398
463,11,4,2011,1542,1428
464,12,4,2011,1532,1419
465,13,4,2011,1537,1423
466,14,4,2011,1522,1409
467,15,4,2011,1546,1433
468,16,4,2011,1538,1425
469,17,4,2011,1546,1433
470,18,4,2011,1537,1423
471,19,4,2011,1503,1392
472,20,4,2011,1496,1385
473,21,4,2011,1470,1361
474,22,4,2011,1490,1379
475,23,4,2011,1483,1374
476,24,4,2011,1487,1376
477,25,4,2011,1500,1389
478,26,4,2011,1508,1396
479,27,4,2011,1512,1400
480,28,4,2011,1504,1392
481,29,4,2011,1507,1396
482,30,4,2011,1485,1375
483,1,5,2011,1492,1382
484,2,5,2011,1498,1388
485,3,5,2011,1485,1375
486,4,5,2011,1484,1374
487,5,5,2011,1456,1348
488,6,5,2011,1431,1324
489,7,5,2011,1383,1281
490,8,5,2011,1383,1281
491,9,5,2011,1402,1298
492,10,5,2011,1399,1296
493,11,5,2011,1413,1309
494,12,5,2011,1409,1306
495,13,5,2011,1402,1299
496,14,5,2011,1393,1291
497,15,5,2011,1389,1286
498,16,5,2011,1361,1260
499,17,5,2011,1354,1253
500,18,5,2011,1370,1270
501,19,5,2011,1387,1285
502,20,5,2011,1393,1291
503,21,5,2011,1404,1299
504,22,5,2011,1403,1299
505,23,5,2011,1398,1294
506,24,5,2011,1415,1310
507,25,5,2011,1421,1315
508,26,5,2011,1422,1316
509,27,5,2011,1415,1310
510,28,5,2011,1420,1315
511,29,5,2011,1422,1317
512,30,5,2011,1416,1311
513,31,5,2011,1412,1307
514,1,6,2011,1418,1312
515,2,6,2011,1439,1332
516,3,6,2011,1447,1339
517,4,6,2011,1452,1344
518,5,6,2011,1457,1348
519,6,6,2011,1467,1357
520,7,6,2011,1453,1346
521,8,6,2011,1462,1353
522,9,6,2011,1445,1337
523,10,6,2011,1435,1328
524,11,6,2011,1439,1332
525,12,6,2011,1438,1332
526,13,6,2011,1437,1331
527,14,6,2011,1445,1337
528,15,6,2011,1451,1343
529,16,6,2011,1448,1340
530,17,6,2011,1442,1335
531,18,6,2011,1445,1338
532,19,6,2011,1466,1357
533,20,6,2011,1478,1368
534,21,6,2011,1476,1365
535,22,6,2011,1474,1364
536,23,6,2011,1466,1356
537,24,6,2011,1466,1356
538,25,6,2011,1410,1305
539,26,6,2011,1418,1313
540,27,6,2011,1419,1313
541,28,6,2011,1414,1309
542,29,6,2011,1400,1296
543,30,6,2011,1403,1299
544,1,7,2011,1407,1303
545,2,7,2011,1422,1317
546,3,7,2011,1417,1311
547,4,7,2011,1403,1298
548,5,7,2011,1388,1285
549,6,7,2011,1393,1290
550,7,7,2011,1394,1289
551,8,7,2011,1396,1292
552,9,7,2011,1397,1293
553,10,7,2011,1401,1297
554,11,7,2011,1399,1295
555,12,7,2011,1407,1303
556,13,7,2011,1426,1320
557,14,7,2011,1419,1313
558,15,7,2011,1405,1300
559,16,7,2011,1404,1299
560,17,7,2011,1406,1302
561,18,7,2011,1409,1305
562,19,7,2011,1386,1283
563,20,7,2011,1367,1266
564,21,7,2011,1379,1277
565,22,7,2011,1391,1288
566,23,7,2011,1388,1285
567,24,7,2011,1404,1301
568,25,7,2011,1393,1290
569,26,7,2011,1393,1289
570,27,7,2011,1390,1287
571,28,7,2011,1386,1283
572,29,7,2011,1386,1283
573,30,7,2011,1384,1281
574,31,7,2011,1382,1280
575,1,8,2011,1385,1281
576,2,8,2011,1384,1280
577,3,8,2011,1391,1287
578,4,8,2011,1390,1287
579,5,8,2011,1385,1282
580,6,8,2011,1378,1276
581,7,8,2011,1369,1267
582,8,8,2011,1385,1282
583,9,8,2011,1376,1274
584,10,8,2011,1352,1251
585,11,8,2011,1348,1247
586,12,8,2011,1336,1233
587,13,8,2011,1322,1224
588,14,8,2011,1315,1217
589,15,8,2011,1324,1225
590,16,8,2011,1357,1255
591,17,8,2011,1374,1271
592,18,8,2011,1368,1266
593,19,8,2011,1355,1254
594,20,8,2011,1352,1251
595,21,8,2011,1351,1250
596,22,8,2011,1367,1264
597,23,8,2011,1370,1266
598,24,8,2011,1352,1251
599,25,8,2011,1370,1267
600,26,8,2011,1366,1264
601,27,8,2011,1430,1323
602,28,8,2011,1422,1315
603,29,8,2011,1417,1311
604,30,8,2011,1413,1307
605,31,8,2011,1389,1285
606,1,9,2011,1397,1293
607,2,9,2011,1397,1292
608,3,9,2011,1409,1304
609,4,9,2011,1417,1312
610,5,9,2011,1421,1312
611,6,9,2011,1403,1295
612,7,9,2011,1417,1308
613,8,9,2011,1409,1302
614,9,9,2011,1400,1293
615,10,9,2011,1378,1273
616,11,9,2011,1381,1276
617,12,9,2011,1396,1289
618,13,9,2011,1383,1277
619,14,9,2011,1384,1279
620,15,9,2011,1368,1263
621,16,9,2011,1393,1286
622,17,9,2011,1393,1286
623,18,9,2011,1404,1297
624,19,9,2011,1407,1299
625,20,9,2011,1401,1294
626,21,9,2011,1389,1282
627,22,9,2011,1393,1287
628,23,9,2011,1381,1276
629,24,9,2011,1381,1275
630,25,9,2011,1393,1286
631,26,9,2011,1389,1283
632,27,9,2011,1379,1273
633,28,9,2011,1367,1263
634,29,9,2011,1374,1269
635,30,9,2011,1378,1273
636,1,10,2011,1382,1276
637,2,10,2011,1390,1284
638,3,10,2011,1401,1294
639,4,10,2011,1405,1298
640,5,10,2011,1410,1303
641,6,10,2011,1409,1300
642,7,10,2011,1389,1283
643,8,10,2011,1381,1276
644,9,10,2011,1377,1271
645,10,10,2011,1373,1268
646,11,10,2011,1379,1274
647,12,10,2011,1376,1272
648,13,10,2011,1379,1274
649,14,10,2011,1384,1279
650,15,10,2011,1393,1286
651,16,10,2011,1389,1283
652,17,10,2011,1377,1272
653,18,10,2011,1384,1277
654,19,10,2011,1384,1277
655,20,10,2011,1392,1286
656,21,10,2011,1367,1263
657,22,10,2011,1410,1302
658,23,10,2011,1419,1311
659,24,10,2011,1425,1315
660,25,10,2011,1432,1323
661,26,10,2011,1430,1321
662,27,10,2011,1433,1323
663,28,10,2011,1427,1318
664,29,10,2011,1450,1340
665,30,10,2011,1451,1340
666,31,10,2011,1451,1340
667,1,11,2011,1455,1344
668,2,11,2011,1452,1341
669,3,11,2011,1485,1371
670,4,11,2011,1479,1366
671,5,11,2011,1473,1361
672,6,11,2011,1470,1357
673,7,11,2011,1491,1377
674,8,11,2011,1483,1369
675,9,11,2011,1495,1380
676,10,11,2011,1492,1378
677,11,11,2011,1494,1379
678,12,11,2011,1493,1379
679,13,11,2011,1494,1380
680,14,11,2011,1492,1378
681,15,11,2011,1488,1375
682,16,11,2011,1502,1387
683,17,11,2011,1496,1381
684,18,11,2011,1501,1386
685,19,11,2011,1495,1381
686,20,11,2011,1499,1385
687,21,11,2011,1506,1391
688,22,11,2011,1501,1386
689,23,11,2011,1501,1387
690,24,11,2011,1496,1382
691,25,11,2011,1494,1379
692,26,11,2011,1491,1377
693,27,11,2011,1473,1360
694,28,11,2011,1464,1352
695,29,11,2011,1468,1356
696,30,11,2011,1461,1349
697,1,12,2011,1464,1352
698,2,12,2011,1448,1337
699,3,12,2011,1452,1341
700,4,12,2011,1445,1335
701,5,12,2011,1438,1328
702,6,12,2011,1440,1330
703,7,12,2011,1441,1330
704,8,12,2011,1439,1329
705,9,12,2011,1447,1337
706,10,12,2011,1442,1332
707,11,12,2011,1420,1311
708,12,12,2011,1424,1315
709,13,12,2011,1442,1332
710,14,12,2011,1449,1338
711,15,12,2011,1466,1354
712,16,12,2011,1466,1353
713,17,12,2011,1459,1347
714,18,12,2011,1450,1339
715,19,12,2011,1451,1340
716,20,12,2011,1459,1347
717,21,12,2011,1457,1346
718,22,12,2011,1458,1347
719,23,12,2011,1459,1348
720,24,12,2011,1473,1360
721,25,12,2011,1473,1360
722,26,12,2011,1464,1352
723,27,12,2011,1447,1337
724,28,12,2011,1448,1338
725,29,12,2011,1437,1328
726,30,12,2011,1437,1328
727,31,12,2011,1422,1314
728,1,1,2012,1422,1314
729,2,1,2012,1431,1322
730,3,1,2012,1434,1324
731,4,1,2012,1443,1333
732,5,1,2012,1438,1328
733,6,1,2012,1435,1325
734,7,1,2012,1430,1321
735,8,1,2012,1427,1318
736,9,1,2012,1430,1321
737,10,1,2012,1409,1302
738,11,1,2012,1407,1300
739,12,1,2012,1387,1281
740,13,1,2012,1402,1295
741,14,1,2012,1398,1291
742,15,1,2012,1402,1295
743,16,1,2012,1405,1297
744,17,1,2012,1400,1293
745,18,1,2012,1406,1298
746,19,1,2012,1413,1305
747,20,1,2012,1387,1281
748,21,1,2012,1389,1284
749,22,1,2012,1384,1278
750,23,1,2012,1392,1286
751,24,1,2012,1388,1282
752,25,1,2012,1391,1285
753,26,1,2012,1385,1279
754,27,1,2012,1385,1279
755,28,1,2012,1397,1290
756,29,1,2012,1396,1290
757,30,1,2012,1400,1292
758,31,1,2012,1402,1294
759,1,2,2012,1414,1306
760,2,2,2012,1418,1310
761,3,2,2012,1402,1294
762,4,2,2012,1404,1297
763,5,2,2012,1408,1301
764,6,2,2012,1427,1317
765,7,2,2012,1429,1309
766,8,2,2012,1426,1317
767,9,2,2012,1430,1321
768,10,2,2012,1425,1317
769,11,2,2012,1433,1324
770,12,2,2012,1428,1319
771,13,2,2012,1410,1302
772,14,2,2012,1398,1291
773,15,2,2012,1393,1287
774,16,2,2012,1378,1273
775,17,2,2012,1380,1275
776,18,2,2012,1370,1266
777,19,2,2012,1343,1240
778,20,2,2012,1353,1249
779,21,2,2012,1349,1246
780,22,2,2012,1366,1261
781,23,2,2012,1378,1273
782,24,2,2012,1360,1256
783,25,2,2012,1348,1245
784,26,2,2012,1353,1250
785,27,2,2012,1347,1244
786,28,2,2012,1349,1246
787,29,2,2012,1356,1252
788,1,3,2012,1351,1248
789,2,3,2012,1352,1249
790,3,3,2012,1356,1252
791,4,3,2012,1364,1260
792,5,3,2012,1362,1258
793,6,3,2012,1365,1260
794,7,3,2012,1385,1279
795,8,3,2012,1384,1278
796,9,3,2012,1391,1284
797,10,3,2012,1379,1274
798,11,3,2012,1391,1284
799,12,3,2012,1373,1268
800,13,3,2012,1372,1267
801,14,3,2012,1365,1260
802,15,3,2012,1371,1266
803,16,3,2012,1360,1256
804,17,3,2012,1362,1258
805,18,3,2012,1363,1259
806,19,3,2012,1343,1241
807,20,3,2012,1322,1221
808,21,3,2012,1317,1216
809,22,3,2012,1329,1228
810,23,3,2012,1323,1222
811,24,3,2012,1325,1224
812,25,3,2012,1301,1201
813,26,3,2012,1308,1208
814,27,3,2012,1251,1155
815,28,3,2012,1119,1033
816,29,3,2012,1144,1057
817,30,3,2012,1150,1062
818,31,3,2012,1165,1076
819,1,4,2012,1176,1087
820,2,4,2012,1196,1104
821,3,4,2012,1194,1102
822,4,4,2012,1201,1110
823,5,4,2012,1230,1136
824,6,4,2012,1224,1131
825,7,4,2012,1230,1136
826,8,4,2012,1224,1130
827,9,4,2012,1234,1139
828,10,4,2012,1213,1120
829,11,4,2012,1201,1109
830,12,4,2012,1193,1101
831,13,4,2012,1200,1108
832,14,4,2012,1202,1110
833,15,4,2012,1190,1098
834,16,4,2012,1183,1092
835,17,4,2012,1181,1091
836,18,4,2012,1151,1062
837,19,4,2012,1152,1064
838,20,4,2012,1119,1034
839,21,4,2012,1152,1064
840,22,4,2012,1146,1059
841,23,4,2012,1144,1056
842,24,4,2012,1163,1074
843,25,4,2012,1165,1075
844,26,4,2012,1164,1075
845,27,4,2012,1180,1090
846,28,4,2012,1199,1107
847,29,4,2012,1190,1099
848,30,4,2012,1201,1109
849,1,5,2012,1192,1101
850,2,5,2012,1192,1102
851,3,5,2012,1198,1106
852,4,5,2012,1187,1096
853,5,5,2012,1198,1106
854,6,5,2012,1189,1098
855,7,5,2012,1200,1108
856,8,5,2012,1191,1100
857,9,5,2012,1193,1102
858,10,5,2012,1198,1107
859,11,5,2012,1194,1102
860,12,5,2012,1186,1095
861,13,5,2012,1128,1042
862,14,5,2012,1152,1064
863,15,5,2012,1133,1046
864,16,5,2012,1124,1038
865,17,5,2012,1088,1005
866,18,5,2012,1055,974
867,19,5,2012,1084,1001
868,20,5,2012,1091,1008
869,21,5,2012,1091,1008
870,22,5,2012,1101,1017
871,23,5,2012,1095,1012
872,24,5,2012,1078,996
873,25,5,2012,1092,1008
874,26,5,2012,1095,1011
875,27,5,2012,1116,1031
876,28,5,2012,1122,1036
877,29,5,2012,1129,1043
878,30,5,2012,1125,1039
879,31,5,2012,1133,1047
880,1,6,2012,1122,1036
881,2,6,2012,1133,1046
882,3,6,2012,1151,1063
883,4,6,2012,1165,1076
884,5,6,2012,1172,1083
885,6,6,2012,1165,1076
886,7,6,2012,1177,1087
887,8,6,2012,1179,1089
888,9,6,2012,1185,1094
889,10,6,2012,1186,1096
890,11,6,2012,1187,1096
891,12,6,2012,1173,1084
892,13,6,2012,1174,1084
893,14,6,2012,1163,1074
894,15,6,2012,1141,1054
895,16,6,2012,1185,1095
896,17,6,2012,1197,1106
897,18,6,2012,1191,1100
898,19,6,2012,1208,1116
899,20,6,2012,1208,1116
900,21,6,2012,1230,1136
901,22,6,2012,1245,1150
902,23,6,2012,1243,1148
903,24,6,2012,1240,1146
904,25,6,2012,1241,1146
905,26,6,2012,1253,1157
906,27,6,2012,1265,1168
907,28,6,2012,1285,1187
908,29,6,2012,1301,1202
909,30,6,2012,1298,1199
910,1,7,2012,1278,1180
911,2,7,2012,1259,1163
912,3,7,2012,1256,1161
913,4,7,2012,1285,1187
914,5,7,2012,1259,1163
915,6,7,2012,1252,1156
916,7,7,2012,1266,1170
917,8,7,2012,1254,1158
918,9,7,2012,1228,1134
919,10,7,2012,1226,1132
920,11,7,2012,1200,1108
921,12,7,2012,1179,1089
922,13,7,2012,1160,1071
923,14,7,2012,1194,1102
924,15,7,2012,1189,1099
925,16,7,2012,1164,1075
926,17,7,2012,1172,1082
927,18,7,2012,1178,1088
928,19,7,2012,1181,1091
929,20,7,2012,1174,1085
930,21,7,2012,1205,1113
931,22,7,2012,1191,1100
932,23,7,2012,1145,1058
933,24,7,2012,1161,1072
934,25,7,2012,1162,1703
935,26,7,2012,1148,1060
936,27,7,2012,1163,1074
937,28,7,2012,1163,1074
938,29,7,2012,1146,1059
939,30,7,2012,1131,1045
940,31,7,2012,1116,1031
941,1,8,2012,1114,1029
942,2,8,2012,1119,1033
943,3,8,2012,1141,1054
944,4,8,2012,1147,1059
945,5,8,2012,1154,1065
946,6,8,2012,1165,1076
947,7,8,2012,1169,1079
948,8,8,2012,1173,1084
949,9,8,2012,1170,1081
950,10,8,2012,1168,1078
951,11,8,2012,1162,1073
952,12,8,2012,1151,1063
953,13,8,2012,1153,1065
954,14,8,2012,1152,1063
955,15,8,2012,1133,1047
956,16,8,2012,1132,1046
957,17,8,2012,1120,1035
958,18,8,2012,1130,1044
959,19,8,2012,1134,1047
960,20,8,2012,1133,1047
961,21,8,2012,1121,1036
962,22,8,2012,1114,1029
963,23,8,2012,1097,1013
964,24,8,2012,1101,1017
965,25,8,2012,1097,1013
966,26,8,2012,1110,1025
967,27,8,2012,1105,1020
968,28,8,2012,1104,1020
969,29,8,2012,1108,1024
970,30,8,2012,1111,1026
971,31,8,2012,1084,1002
972,1,9,2012,1085,1002
973,2,9,2012,1101,1017
974,3,9,2012,1089,1006
975,4,9,2012,1090,1007
976,5,9,2012,1094,1011
977,6,9,2012,1114,1029
978,7,9,2012,1115,1030
979,8,9,2012,1097,1013
980,9,9,2012,1102,1018
981,10,9,2012,1108,1023
982,11,9,2012,1107,1022
983,12,9,2012,1101,1017
984,13,9,2012,1079,997
985,14,9,2012,1092,1009
986,15,9,2012,1088,1005
987,16,9,2012,1092,1008
988,17,9,2012,1100,1016
989,18,9,2012,1102,1018
990,19,9,2012,1087,1004
991,20,9,2012,1089,1006
992,21,9,2012,1112,1027
993,22,9,2012,1118,1033
994,23,9,2012,1120,1035
995,24,9,2012,1114,1029
996,25,9,2012,1108,1023
997,26,9,2012,1108,1023
998,27,9,2012,1120,1035
999,28,9,2012,1121,1036
1000,29,9,2012,1125,1040
1001,30,9,2012,1147,1060
1002,1,10,2012,1147,1059
1003,2,10,2012,1141,1055
1004,3,10,2012,1133,1047
1005,4,10,2012,1159,1071
1006,5,10,2012,1177,1088
1007,6,10,2012,1157,1069
1008,7,10,2012,1146,1059
1009,8,10,2012,1168,1079
1010,9,10,2012,1150,1054
1011,10,10,2012,1160,1072
1012,11,10,2012,1145,1058
1013,12,10,2012,1148,1060
1014,13,10,2012,1148,1061
1015,14,10,2012,1163,1074
1016,15,10,2012,1175,1085
1017,16,10,2012,1179,1089
1018,17,10,2012,1183,1093
1019,18,10,2012,1188,1098
1020,19,10,2012,1201,1109
1021,20,10,2012,1206,1114
1022,21,10,2012,1203,1111
1023,22,10,2012,1196,1105
1024,23,10,2012,1200,1109
1025,24,10,2012,1204,1113
1026,25,10,2012,1207,1115
1027,26,10,2012,1213,1121
1028,27,10,2012,1204,1112
1029,28,10,2012,1201,1110
1030,29,10,2012,1213,1121
1031,30,10,2012,1220,1128
1032,31,10,2012,1204,1113
1033,1,11,2012,1205,1113
1034,2,11,2012,1210,1118
1035,3,11,2012,1205,1113
1036,4,11,2012,1212,1120
1037,5,11,2012,1220,1128
1038,6,11,2012,1234,1140
1039,7,11,2012,1246,1151
1040,8,11,2012,1253,1157
1041,9,11,2012,1232,1138
1042,10,11,2012,1224,1131
1043,11,11,2012,1207,1115
1044,12,11,2012,1213,1120
1045,13,11,2012,1214,1122
1046,14,11,2012,1191,1100
1047,15,11,2012,1192,1101
1048,16,11,2012,1187,1096
1049,17,11,2012,1168,1079
1050,18,11,2012,1166,1077
1051,19,11,2012,1153,1065
1052,20,11,2012,1152,1065
1053,21,11,2012,1167,1078
1054,22,11,2012,1162,1073
1055,23,11,2012,1172,1083
1056,24,11,2012,1169,1080
1057,25,11,2012,1169,1080
1058,26,11,2012,1168,1079
1059,27,11,2012,1164,1075
1060,28,11,2012,1177,1087
1061,29,11,2012,1184,1093
1062,30,11,2012,1188,1097
1063,1,12,2012,1167,1078
1064,2,12,2012,1162,1073
1065,3,12,2012,1158,1067
1066,4,12,2012,1159,1071
1067,5,12,2012,1159,1071
1068,6,12,2012,1156,1068
1069,7,12,2012,1157,1068
1070,8,12,2012,1154,1066
1071,9,12,2012,1165,1076
1072,10,12,2012,1176,1087
1073,11,12,2012,1168,1079
1074,12,12,2012,1164,1075
1075,13,12,2012,1153,1065
1076,14,12,2012,1177,1088
1077,15,12,2012,1177,1088
1078,16,12,2012,1177,1088
1079,17,12,2012,1171,1082
1080,18,12,2012,1156,1068
1081,19,12,2012,1147,1059
1082,20,12,2012,1142,1055
1083,21,12,2012,1154,1066
1084,22,12,2012,1160,1072
1085,23,12,2012,1155,1067
1086,24,12,2012,1147,1060
1087,25,12,2012,1146,1059
1088,26,12,2012,1150,1062
1089,27,12,2012,1143,1056
1090,28,12,2012,1146,1059
1091,29,12,2012,1142,1055
1092,30,12,2012,1142,1055
1093,31,12,2012,1122,1036
1094,1,1,2013,1118,1032
1095,2,1,2013,1114,1030
1096,3,1,2013,1106,1022
1097,4,1,2013,1109,1024
1098,5,1,2013,1110,1025
1099,6,1,2013,1110,1025
1100,7,1,2013,1113,1028
1101,8,1,2013,1105,1021
1102,9,1,2013,1104,1020
1103,10,1,2013,1113,1028
1104,11,1,2013,1116,1031
1105,12,1,2013,1126,1040
1106,13,1,2013,1134,1048
1107,14,1,2013,1132,1046
1108,15,1,2013,1132,1046
1109,16,1,2013,1133,1047
1110,17,1,2013,1167,1078
1111,18,1,2013,1165,1076
1112,19,1,2013,1165,1076
1113,20,1,2013,1170,1081
1114,21,1,2013,1170,1081
1115,22,1,2013,1168,1079
1116,23,1,2013,1164,1075
1117,24,1,2013,1172,1083
1118,25,1,2013,1170,1081
1119,26,1,2013,1172,1083
1120,27,1,2013,1163,1074
1121,28,1,2013,1158,1070
1122,29,1,2013,1157,1069
1123,30,1,2013,1154,1066
1124,31,1,2013,1159,1071
1125,1,2,2013,1174,1084
1126,2,2,2013,1151,1054
1127,3,2,2013,1143,1055
1128,4,2,2013,1140,1054
1129,5,2,2013,1161,1073
1130,6,2,2013,1148,1061
1131,7,2,2013,1146,1059
1132,8,2,2013,1143,1055
1133,9,2,2013,1139,1052
1134,10,2,2013,1132,1046
1135,11,2,2013,1139,1053
1136,12,2,2013,1139,1052
1137,13,2,2013,1134,1048
1138,14,2,2013,1141,1054
1139,15,2,2013,1136,1049
1140,16,2,2013,1135,1049
1141,17,2,2013,1154,1066
1142,18,2,2013,1160,1072
1143,19,2,2013,1153,1066
1144,20,2,2013,1153,1065
1145,21,2,2013,1153,1065
1146,22,2,2013,1152,1064
1147,23,2,2013,1147,1059
1148,24,2,2013,1129,1043
1149,25,2,2013,1127,1041
1150,26,2,2013,1128,1042
1151,27,2,2013,1129,1043
1152,28,2,2013,1115,1030
1153,1,3,2013,1115,1030
1154,2,3,2013,1117,1032
1155,3,3,2013,1113,1028
1156,4,3,2013,1115,1030
1157,5,3,2013,1112,1027
1158,6,3,2013,1123,1037
1159,7,3,2013,1127,1031
1160,8,3,2013,1119,1034
1161,9,3,2013,1108,1024
1162,10,3,2013,1111,1026
1163,11,3,2013,1108,1024
1164,12,3,2013,1110,1025
1165,13,3,2013,1104,1020
1166,14,3,2013,1105,1020
1167,15,3,2013,1100,1016
1168,16,3,2013,1093,1009
1169,17,3,2013,1088,1005
1170,18,3,2013,1088,1005
1171,19,3,2013,1095,1012
1172,20,3,2013,1091,1008
1173,21,3,2013,1095,1011
1174,22,3,2013,1085,1002
1175,23,3,2013,1089,1006
1176,24,3,2013,1094,1011
1177,25,3,2013,1086,1003
1178,26,3,2013,1098,1014
1179,27,3,2013,1097,1014
1180,28,3,2013,1092,1008
1181,29,3,2013,1094,1011
1182,30,3,2013,1087,1004
1183,31,3,2013,1085,1002
1184,1,4,2013,1088,1005
1185,2,4,2013,1094,1011
1186,3,4,2013,1093,1009
1187,4,4,2013,1107,1023
1188,5,4,2013,1110,1026
1189,6,4,2013,1110,1025
1190,7,4,2013,1116,1031
1191,8,4,2013,1120,1035
1192,9,4,2013,1114,1029
1193,10,4,2013,1120,1034
1194,11,4,2013,1118,1033
1195,12,4,2013,1112,1027
1196,13,4,2013,1108,1024
1197,14,4,2013,1106,1022
1198,15,4,2013,1107,1023
1199,16,4,2013,1100,1016
1200,17,4,2013,1086,1004
1201,18,4,2013,1061,981
1202,19,4,2013,1068,987
1203,20,4,2013,1074,992
1204,21,4,2013,1053,973
1205,22,4,2013,1051,971
1206,23,4,2013,1063,982
1207,24,4,2013,1070,989
1208,25,4,2013,1066,984
1209,26,4,2013,1068,987
1210,27,4,2013,1093,1010
1211,28,4,2013,1095,1011
1212,29,4,2013,1105,1021
1213,30,4,2013,1097,1014
1214,1,5,2013,1104,1020
1215,2,5,2013,1108,1024
1216,3,5,2013,1105,1021
1217,4,5,2013,1104,1020
1218,5,5,2013,1101,1017
1219,6,5,2013,1081,999
1220,7,5,2013,1138,1052
1221,8,5,2013,1135,1049
1222,9,5,2013,1147,1060
1223,10,5,2013,1145,1058
1224,11,5,2013,1155,1067
1225,12,5,2013,1179,1090
1226,13,5,2013,1183,1093
1227,14,5,2013,1181,1091
1228,15,5,2013,1179,1089
1229,16,5,2013,1154,1066
1230,17,5,2013,1151,1063
1231,18,5,2013,1140,1053
1232,19,5,2013,1144,1057
1233,20,5,2013,1145,1058
1234,21,5,2013,1132,1046
1235,22,5,2013,1134,1047
1236,23,5,2013,1134,1048
1237,24,5,2013,1149,1061
1238,25,5,2013,1142,1055
1239,26,5,2013,1155,1068
1240,27,5,2013,1145,1058
1241,28,5,2013,1153,1065
1242,29,5,2013,1176,1087
1243,30,5,2013,1196,1105
1244,31,5,2013,1191,1100
1245,1,6,2013,1186,1096
1246,2,6,2013,1199,1108
1247,3,6,2013,1213,1120
1248,4,6,2013,1216,1124
1249,5,6,2013,1213,1121
1250,6,6,2013,1239,1145
1251,7,6,2013,1253,1158
1252,8,6,2013,1256,1161
1253,9,6,2013,1290,1192
1254,10,6,2013,1289,1191
1255,11,6,2013,1288,1190
1256,12,6,2013,1290,1192
1257,13,6,2013,1271,1174
1258,14,6,2013,1286,1188
1259,15,6,2013,1286,1189
1260,16,6,2013,1262,1166
1261,17,6,2013,1286,1179
1262,18,6,2013,1243,1148
1263,19,6,2013,1258,1162
1264,20,6,2013,1235,1141
1265,21,6,2013,1212,1120
1266,22,6,2013,1215,1123
1267,23,6,2013,1220,1128
1268,24,6,2013,1217,1125
1269,25,6,2013,1210,1118
1270,26,6,2013,1209,1117
1271,27,6,2013,1217,1125
1272,28,6,2013,1195,1105
1273,29,6,2013,1207,1116
1274,30,6,2013,1204,1112
1275,1,7,2013,1202,1111
1276,2,7,2013,1196,1105
1277,3,7,2013,1200,1109
1278,4,7,2013,1217,1124
1279,5,7,2013,1210,1119
1280,6,7,2013,1205,1114
1281,7,7,2013,1211,1119
1282,8,7,2013,1211,1119
1283,9,7,2013,1187,1097
1284,10,7,2013,1186,1096
1285,11,7,2013,1192,1101
1286,12,7,2013,1177,1088
1287,13,7,2013,1176,1087
1288,14,7,2013,1179,1090
1289,15,7,2013,1178,1089
1290,16,7,2013,1171,1083
1291,17,7,2013,1182,1092
1292,18,7,2013,1199,1107
1293,19,7,2013,1207,1116
1294,20,7,2013,1201,1110
1295,21,7,2013,1201,1110
1296,22,7,2013,1212,1120
1297,23,7,2013,1218,1125
1298,24,7,2013,1219,1126
1299,25,7,2013,1215,1123
1300,26,7,2013,1206,1115
1301,27,7,2013,1222,1129
1302,28,7,2013,1213,1120
1303,29,7,2013,1223,1129
1304,30,7,2013,1218,1126
1305,31,7,2013,1214,1122
1306,1,8,2013,1203,1112
1307,2,8,2013,1199,1108
1308,3,8,2013,1223,1131
1309,4,8,2013,1223,1130
1310,5,8,2013,1217,1125
1311,6,8,2013,1222,1129
1312,7,8,2013,1202,1111
1313,8,8,2013,1207,1116
1314,9,8,2013,1198,1107
1315,10,8,2013,1203,1112
1316,11,8,2013,1185,1095
1317,12,8,2013,1186,1095
1318,13,8,2013,1161,1072
1319,14,8,2013,1175,1085
1320,15,8,2013,1187,1096
1321,16,8,2013,1178,1089
1322,17,8,2013,1177,1088
1323,18,8,2013,1182,1092
1324,19,8,2013,1172,1083
1325,20,8,2013,1175,1085
1326,21,8,2013,1176,1087
1327,22,8,2013,1179,1089
1328,23,8,2013,1184,1094
1329,24,8,2013,1200,1109
1330,25,8,2013,1201,1109
1331,26,8,2013,1202,1110
1332,27,8,2013,1209,1117
1333,28,8,2013,1203,1112
1334,29,8,2013,1202,1110
1335,30,8,2013,1197,1106
1336,31,8,2013,1196,1106
1337,1,9,2013,1202,1111
1338,2,9,2013,1191,1101
1339,3,9,2013,1194,1103
1340,4,9,2013,1195,1104
1341,5,9,2013,1201,1110
1342,6,9,2013,1211,1119
1343,7,9,2013,1212,1120
1344,8,9,2013,1206,1115
1345,9,9,2013,1205,1114
1346,10,9,2013,1213,1120
1347,11,9,2013,1215,1123
1348,12,9,2013,1215,1123
1349,13,9,2013,1219,1126
1350,14,9,2013,1218,1125
1351,15,9,2013,1224,1131
1352,16,9,2013,1227,1134
1353,17,9,2013,1220,1127
1354,18,9,2013,1221,1128
1355,19,9,2013,1229,1136
1356,20,9,2013,1232,1139
1357,21,9,2013,1223,1130
1358,22,9,2013,1217,1125
1359,23,9,2013,1220,1127
1360,24,9,2013,1218,1126
1361,25,9,2013,1235,1141
1362,26,9,2013,1226,1133
1363,27,9,2013,1211,1119
1364,28,9,2013,1214,1122
1365,29,9,2013,1207,1116
1366,30,9,2013,1227,1133
1367,1,10,2013,1229,1136
1368,2,10,2013,1211,1118
1369,3,10,2013,1213,1121
1370,4,10,2013,1210,1118
1371,5,10,2013,1216,1124
1372,6,10,2013,1214,1122
1373,7,10,2013,1212,1120
1374,8,10,2013,1204,1113
1375,9,10,2013,1187,1097
1376,10,10,2013,1154,1067
1377,11,10,2013,1151,1063
1378,12,10,2013,1148,1061
1379,13,10,2013,1144,1057
1380,14,10,2013,1152,1064
1381,15,10,2013,1148,1061
1382,16,10,2013,1151,1064
1383,17,10,2013,1153,1066
1384,18,10,2013,1144,1058
1385,19,10,2013,1152,1065
1386,20,10,2013,1156,1068
1387,21,10,2013,1160,1072
1388,22,10,2013,1162,1074
1389,23,10,2013,1175,1085
1390,24,10,2013,1181,1091
1391,25,10,2013,1197,1106
1392,26,10,2013,1216,1123
1393,27,10,2013,1243,1148
1394,28,10,2013,1239,1144
1395,29,10,2013,1257,1162
1396,30,10,2013,1266,1169
1397,31,10,2013,1260,1164
1398,1,11,2013,1276,1179
1399,2,11,2013,1312,1213
1400,3,11,2013,1357,1253
1401,4,11,2013,1358,1253
1402,5,11,2013,1356,1253
1403,6,11,2013,1314,1213
1404,7,11,2013,1306,1206
1405,8,11,2013,1312,1211
1406,9,11,2013,1314,1213
1407,10,11,2013,1314,1214
1408,11,11,2013,1316,1215
1409,12,11,2013,1328,1226
1410,13,11,2013,1342,1239
1411,14,11,2013,1334,1232
1412,15,11,2013,1337,1234
1413,16,11,2013,1320,1218
1414,17,11,2013,1310,1210
1415,18,11,2013,1314,1214
1416,19,11,2013,1313,1212
1417,20,11,2013,1319,1217
1418,21,11,2013,1327,1226
1419,22,11,2013,1333,1231
1420,23,11,2013,1336,1234
1421,24,11,2013,1384,1278
1422,25,11,2013,1390,1284
1423,26,11,2013,1388,1283
1424,27,11,2013,1381,1277
1425,28,11,2013,1354,1251
1426,29,11,2013,1356,1253
1427,30,11,2013,1379,1274
1428,1,12,2013,1368,1263
1429,2,12,2013,1370,1265
1430,3,12,2013,1328,1226
1431,4,12,2013,1304,1205
1432,5,12,2013,1324,1222
1433,6,12,2013,1340,1238
1434,7,12,2013,1349,1245
1435,8,12,2013,1351,1245
1436,9,12,2013,1363,1258
1437,10,12,2013,1381,1275
1438,11,12,2013,1389,1282
1439,12,12,2013,1380,1274
1440,13,12,2013,1371,1266
1441,14,12,2013,1360,1255
1442,15,12,2013,1355,1252
1443,16,12,2013,1378,1271
1444,17,12,2013,1372,1267
1445,18,12,2013,1362,1258
1446,19,12,2013,1352,1248
1447,20,12,2013,1342,1239
1448,21,12,2013,1317,1216
1449,22,12,2013,1311,1211
1450,23,12,2013,1309,1209
1451,24,12,2013,1307,1206
1452,25,12,2013,1309,1208
1453,26,12,2013,1305,1205
1454,27,12,2013,1309,1209
1455,28,12,2013,1320,1219
1456,29,12,2013,1308,1208
1457,30,12,2013,1294,1195
1458,31,12,2013,1292,1193
1459,1,1,2014,1287,1189
1460,2,1,2014,1271,1174
1461,3,1,2014,1267,1169
1462,4,1,2014,1247,1152
1463,5,1,2014,1245,1149
1464,6,1,2014,1248,1152
1465,7,1,2014,1246,1151
1466,8,1,2014,1250,1153
1467,9,1,2014,1245,1150
1468,10,1,2014,1234,1140
1469,11,1,2014,1230,1137
1470,12,1,2014,1261,1164
1471,13,1,2014,1259,1161
1472,14,1,2014,1264,1168
1473,15,1,2014,1260,1164
1474,16,1,2014,1258,1162
1475,17,1,2014,1277,1180
1476,18,1,2014,1272,1174
1477,19,1,2014,1260,1164
1478,20,1,2014,1271,1174
1479,21,1,2014,1271,1174
1480,22,1,2014,1256,1160
1481,23,1,2014,1259,1162
1482,24,1,2014,1278,1181
1483,25,1,2014,1273,1176
1484,26,1,2014,1276,1179
1485,27,1,2014,1265,1168
1486,28,1,2014,1263,1166
1487,29,1,2014,1257,1161
1488,30,1,2014,1261,1164
1489,31,1,2014,1290,1191
1490,1,2,2014,1293,1194
1491,2,2,2014,1329,1227
1492,3,2,2014,1343,1239
1493,4,2,2014,1348,1243
1494,5,2,2014,1327,1226
1495,6,2,2014,1314,1214
1496,7,2,2014,1328,1227
1497,8,2,2014,1300,1201
1498,9,2,2014,1328,1224
1499,10,2,2014,1322,1220
1500,11,2,2014,1322,1220
1501,12,2,2014,1325,1223
1502,13,2,2014,1321,1220
1503,14,2,2014,1313,1212
1504,15,2,2014,1317,1216
1505,16,2,2014,1321,1220
1506,17,2,2014,1282,1184
1507,18,2,2014,1297,1198
1508,19,2,2014,1309,1209
1509,20,2,2014,1311,1211
1510,21,2,2014,1367,1263
1511,22,2,2014,1371,1265
1512,23,2,2014,1420,1311
1513,24,2,2014,1412,1304
1514,25,2,2014,1376,1270
1515,26,2,2014,1389,1282
1516,27,2,2014,1389,1283
1517,28,2,2014,1417,1309
1518,1,3,2014,1423,1314
1519,2,3,2014,1394,1287
1520,3,3,2014,1431,1320
1521,4,3,2014,1426,1316
1522,5,3,2014,1429,1318
1523,6,3,2014,1423,1314
1524,7,3,2014,1434,1324
1525,8,3,2014,1412,1304
1526,9,3,2014,1417,1308
1527,10,3,2014,1436,1325
1528,11,3,2014,1426,1317
1529,12,3,2014,1428,1319
1530,13,3,2014,1440,1329
1531,14,3,2014,1419,1311
1532,15,3,2014,1444,1333
1533,16,3,2014,1414,1305
1534,17,3,2014,1401,1293
1535,18,3,2014,1409,1302
1536,19,3,2014,1422,1313
1537,20,3,2014,1404,1294
1538,21,3,2014,1405,1298
1539,22,3,2014,1394,1288
1540,23,3,2014,1377,1272
1541,24,3,2014,1357,1252
1542,25,3,2014,1350,1245
1543,26,3,2014,1352,1248
1544,27,3,2014,1349,1246
1545,28,3,2014,1356,1252
1546,29,3,2014,1331,1228
1547,30,3,2014,1323,1220
1548,31,3,2014,1309,1207
1549,1,4,2014,1314,1213
1550,2,4,2014,1330,1228
1551,3,4,2014,1311,1210
1552,4,4,2014,1346,1241
1553,5,4,2014,1338,1232
1554,6,4,2014,1346,1243
1555,7,4,2014,1335,1231
1556,8,4,2014,1330,1225
1557,9,4,2014,1320,1218
1558,10,4,2014,1350,1247
1559,11,4,2014,1321,1219
1560,12,4,2014,1330,1228
1561,13,4,2014,1334,1231
1562,14,4,2014,1347,1244
1563,15,4,2014,1330,1228
1564,16,4,2014,1334,1232
1565,17,4,2014,1346,1242
1566,18,4,2014,1338,1236
1567,19,4,2014,1359,1252
1568,20,4,2014,1392,1284
1569,21,4,2014,1410,1301
1570,22,4,2014,1416,1308
1571,23,4,2014,1411,1302
1572,24,4,2014,1419,1311
1573,25,4,2014,1408,1299
1574,26,4,2014,1410,1303
1575,27,4,2014,1421,1311
1576,28,4,2014,1407,1299
1577,29,4,2014,1419,1310
1578,30,4,2014,1413,1305
1579,1,5,2014,1418,1310
1580,2,5,2014,1414,1306
1581,3,5,2014,1414,1305
1582,4,5,2014,1407,1298
1583,5,5,2014,1408,1299
1584,6,5,2014,1390,1283
1585,7,5,2014,1380,1275
1586,8,5,2014,1371,1266
1587,9,5,2014,1362,1258
1588,10,5,2014,1372,1268
1589,11,5,2014,1383,1276
1590,12,5,2014,1388,1281
1591,13,5,2014,1382,1277
1592,14,5,2014,1405,1298
1593,15,5,2014,1399,1291
1594,16,5,2014,1393,1287
1595,17,5,2014,1405,1297
1596,18,5,2014,1416,1307
1597,19,5,2014,1444,1334
1598,20,5,2014,1446,1335
1599,21,5,2014,1453,1343
1600,22,5,2014,1458,1346
1601,23,5,2014,1448,1337
1602,24,5,2014,1450,1340
1603,25,5,2014,1449,1337
1604,26,5,2014,1413,1296
1605,27,5,2014,1401,1293
1606,28,5,2014,1396,1288
1607,29,5,2014,1509,1389
1608,30,5,2014,1504,1386
1609,31,5,2014,1471,1359
1610,1,6,2014,1457,1345
1611,2,6,2014,1458,1346
1612,3,6,2014,1481,1367
1613,4,6,2014,1489,1374
1614,5,6,2014,1517,1396
1615,6,6,2014,1510,1395
1616,7,6,2014,1495,1379
1617,8,6,2014,1463,1348
1618,9,6,2014,1474,1360
1619,10,6,2014,1452,1340
1620,11,6,2014,1463,1350
1621,12,6,2014,1460,1347
1622,13,6,2014,1476,1363
1623,14,6,2014,1459,1346
1624,15,6,2014,1488,1374
1625,16,6,2014,1483,1368
1626,17,6,2014,1485,1371
1627,18,6,2014,1476,1361
1628,19,6,2014,1498,1383
1629,20,6,2014,1497,1381
1630,21,6,2014,1501,1386
1631,22,6,2014,1509,1393
1632,23,6,2014,1524,1408
1633,24,6,2014,1513,1397
1634,25,6,2014,1512,1396
1635,26,6,2014,1486,1372
1636,27,6,2014,1483,1370
1637,28,6,2014,1489,1375
1638,29,6,2014,1485,1372
1639,30,6,2014,1471,1359
1640,1,7,2014,1484,1372
1641,2,7,2014,1477,1364
1642,3,7,2014,1482,1369
1643,4,7,2014,1491,1377
1644,5,7,2014,1482,1369
1645,6,7,2014,1481,1368
1646,7,7,2014,1485,1372
1647,8,7,2014,1488,1374
1648,9,7,2014,1479,1365
1649,10,7,2014,1464,1352
1650,11,7,2014,1471,1359
1651,12,7,2014,1474,1362
1652,13,7,2014,1472,1359
1653,14,7,2014,1480,1367
1654,15,7,2014,1489,1376
1655,16,7,2014,1488,1374
1656,17,7,2014,1510,1395
1657,18,7,2014,1504,1390
1658,19,7,2014,1499,1385
1659,20,7,2014,1497,1382
1660,21,7,2014,1504,1388
1661,22,7,2014,1503,1389
1662,23,7,2014,1497,1381
1663,24,7,2014,1498,1383
1664,25,7,2014,1500,1385
1665,26,7,2014,1510,1395
1666,27,7,2014,1515,1400
1667,28,7,2014,1519,1404
1668,29,7,2014,1527,1410
1669,30,7,2014,1511,1396
1670,31,7,2014,1501,1386
1671,1,8,2014,1508,1393
1672,2,8,2014,1490,1377
1673,3,8,2014,1450,1340
1674,4,8,2014,1447,1337
1675,5,8,2014,1436,1327
1676,6,8,2014,1442,1333
1677,7,8,2014,1436,1325
1678,8,8,2014,1447,1338
1679,9,8,2014,1451,1339
1680,10,8,2014,1458,1348
1681,11,8,2014,1455,1344
1682,12,8,2014,1457,1346
1683,13,8,2014,1461,1349
1684,14,8,2014,1461,1350
1685,15,8,2014,1459,1347
1686,16,8,2014,1461,1350
1687,17,8,2014,1454,1344
1688,18,8,2014,1457,1346
1689,19,8,2014,1454,1343
1690,20,8,2014,1468,1357
1691,21,8,2014,1479,1367
1692,22,8,2014,1477,1365
1693,23,8,2014,1488,1373
1694,24,8,2014,1497,1383
1695,25,8,2014,1504,1389
1696,26,8,2014,1495,1381
1697,27,8,2014,1487,1374
1698,28,8,2014,1476,1363
1699,29,8,2014,1493,1378
1700,30,8,2014,1515,1369
1701,31,8,2014,1463,1338
1702,1,9,2014,1465,1352
1703,2,9,2014,1470,1356
1704,3,9,2014,1473,1359
1705,4,9,2014,1471,1359
1706,5,9,2014,1472,1357
1707,6,9,2014,1482,1368
1708,7,9,2014,1478,1363
1709,8,9,2014,1459,1346
1710,9,9,2014,1452,1340
1711,10,9,2014,1460,1345
1712,11,9,2014,1468,1356
1713,12,9,2014,1465,1354
1714,13,9,2014,1444,1334
1715,14,9,2014,1440,1331
1716,15,9,2014,1449,1334
1717,16,9,2014,1435,1327
1718,17,9,2014,1429,1320
1719,18,9,2014,1435,1326
1720,19,9,2014,1423,1316
1721,20,9,2014,1419,1311
1722,21,9,2014,1414,1307
1723,22,9,2014,1398,1292
1724,23,9,2014,1388,1283
1725,24,9,2014,1402,1296
1726,25,9,2014,1403,1297
1727,26,9,2014,1395,1290
1728,27,9,2014,1395,1290
1729,28,9,2014,1393,1288
1730,29,9,2014,1397,1291
1731,30,9,2014,1406,1300
1732,1,10,2014,1412,1306
1733,2,10,2014,1434,1326
1734,3,10,2014,1421,1314
1735,4,10,2014,1432,1324
1736,5,10,2014,1447,1338
1737,6,10,2014,1456,1346
1738,7,10,2014,1448,1339
1739,8,10,2014,1458,1348
1740,9,10,2014,1464,1354
1741,10,10,2014,1470,1359
1742,11,10,2014,1468,1357
1743,12,10,2014,1479,1367
1744,13,10,2014,1482,1370
1745,14,10,2014,1487,1375
1746,15,10,2014,1476,1365
1747,16,10,2014,1475,1364
1748,17,10,2014,1487,1375
1749,18,10,2014,1487,1375
1750,19,10,2014,1477,1365
1751,20,10,2014,1466,1355
1752,21,10,2014,1449,1339
1753,22,10,2014,1462,1352
1754,23,10,2014,1480,1367
1755,24,10,2014,1481,1368
1756,25,10,2014,1488,1375
1757,26,10,2014,1506,1391
1758,27,10,2014,1507,1392
1759,28,10,2014,1501,1387
1760,29,10,2014,1506,1392
1761,30,10,2014,1503,1390
1762,31,10,2014,1504,1390
1763,1,11,2014,1510,1396
1764,2,11,2014,1519,1404
1765,3,11,2014,1517,1402
1766,4,11,2014,1519,1404
1767,5,11,2014,1517,1403
1768,6,11,2014,1515,1401
1769,7,11,2014,1530,1413
1770,8,11,2014,1538,1421
1771,9,11,2014,1532,1416
1772,10,11,2014,1526,1409
1773,11,11,2014,1529,1413
1774,12,11,2014,1514,1399
1775,13,11,2014,1517,1402
1776,14,11,2014,1504,1390
1777,15,11,2014,1491,1378
1778,16,11,2014,1484,1372
1779,17,11,2014,1474,1362
1780,18,11,2014,1479,1367
1781,19,11,2014,1473,1362
1782,20,11,2014,1469,1358
1783,21,11,2014,1492,1378
1784,22,11,2014,1497,1383
1785,23,11,2014,1505,1390
1786,24,11,2014,1506,1392
1787,25,11,2014,1520,1405
1788,26,11,2014,1519,1404
1789,27,11,2014,1520,1404
1790,28,11,2014,1526,1410
1791,29,11,2014,1523,1408
1792,30,11,2014,1522,1407
1793,1,12,2014,1524,1409
1794,2,12,2014,1515,1401
1795,3,12,2014,1522,1407
1796,4,12,2014,1532,1416
1797,5,12,2014,1532,1417
1798,6,12,2014,1536,1420
1799,7,12,2014,1529,1414
1800,8,12,2014,1533,1417
1801,9,12,2014,1535,1419
1802,10,12,2014,1559,1441
1803,11,12,2014,1569,1450
1804,12,12,2014,1564,1446
1805,13,12,2014,1571,1452
1806,14,12,2014,1557,1439
1807,15,12,2014,1565,1446
1808,16,12,2014,1552,1435
1809,17,12,2014,1552,1435
1810,18,12,2014,1545,1428
1811,19,12,2014,1518,1404
1812,20,12,2014,1517,1402
1813,21,12,2014,1514,1399
1814,22,12,2014,1502,1388
1815,23,12,2014,1495,1381
1816,24,12,2014,1475,1363
1817,25,12,2014,1467,1355
1818,26,12,2014,1473,1361
1819,27,12,2014,1467,1357
1820,28,12,2014,1458,1350
1821,29,12,2014,1465,1356
1822,30,12,2014,1468,1358
1823,31,12,2014,1463,1355
1824,1,1,2015,1477,1367
1825,2,1,2015,1497,1386
1826,3,1,2015,1491,1378
1827,4,1,2015,1493,1383
1828,5,1,2015,1494,1384
1829,6,1,2015,1482,1373
1830,7,1,2015,1480,1371
1831,8,1,2015,1478,1368
1832,9,1,2015,1491,1380
1833,10,1,2015,1491,1381
1834,11,1,2015,1487,1378
1835,12,1,2015,1497,1385
1836,13,1,2015,1491,1382
1837,14,1,2015,1504,1393
1838,15,1,2015,1500,1390
1839,16,1,2015,1518,1406
1840,17,1,2015,1510,1398
1841,18,1,2015,1502,1391
1842,19,1,2015,1486,1376
1843,20,1,2015,1487,1377
1844,21,1,2015,1479,1369
1845,22,1,2015,1475,1366
1846,23,1,2015,1476,1367
1847,24,1,2015,1465,1357
1848,25,1,2015,1469,1361
1849,26,1,2015,1476,1364
1850,27,1,2015,1473,1364
1851,28,1,2015,1478,1368
1852,29,1,2015,1472,1362
1853,30,1,2015,1467,1359
1854,31,1,2015,1448,1342
1855,1,2,2015,1451,1345
1856,2,2,2015,1449,1342
1857,3,2,2015,1444,1338
1858,4,2,2015,1435,1329
1859,5,2,2015,1434,1329
1860,6,2,2015,1440,1334
1861,7,2,2015,1438,1332
1862,8,2,2015,1436,1330
1863,9,2,2015,1451,1344
1864,10,2,2015,1456,1349
1865,11,2,2015,1466,1358
1866,12,2,2015,1464,1357
1867,13,2,2015,1468,1360
1868,14,2,2015,1481,1371
1869,15,2,2015,1477,1368
1870,16,2,2015,1470,1362
1871,17,2,2015,1486,1377
1872,18,2,2015,1484,1374
1873,19,2,2015,1495,1385
1874,20,2,2015,1493,1383
1875,21,2,2015,1495,1385
1876,22,2,2015,1489,1380
1877,23,2,2015,1494,1384
1878,24,2,2015,1482,1373
1879,25,2,2015,1482,1373
1880,26,2,2015,1491,1382
1881,27,2,2015,1505,1394
1882,28,2,2015,1520,1407
1883,1,3,2015,1521,1409
1884,2,3,2015,1511,1400
1885,3,3,2015,1505,1394
1886,4,3,2015,1518,1406
1887,5,3,2015,1523,1410
1888,6,3,2015,1516,1405
1889,7,3,2015,1521,1409
1890,8,3,2015,1515,1402
1891,9,3,2015,1519,1407
1892,10,3,2015,1514,1403
1893,11,3,2015,1518,1406
1894,12,3,2015,1547,1433
1895,13,3,2015,1538,1424
1896,14,3,2015,1567,1451
1897,15,3,2015,1568,1453
1898,16,3,2015,1551,1436
1899,17,3,2015,1558,1444
1900,18,3,2015,1544,1430
1901,19,3,2015,1534,1421
1902,20,3,2015,1541,1428
1903,21,3,2015,1526,1413
1904,22,3,2015,1519,1407
1905,23,3,2015,1509,1398
1906,24,3,2015,1513,1401
1907,25,3,2015,1497,1387
1908,26,3,2015,1490,1381
1909,27,3,2015,1490,1381
1910,28,3,2015,1499,1388
1911,29,3,2015,1490,1381
1912,30,3,2015,1498,1387
1913,31,3,2015,1486,1376
1914,1,4,2015,1482,1373
1915,2,4,2015,1482,1372
1916,3,4,2015,1482,1373
1917,4,4,2015,1478,1368
1918,5,4,2015,1487,1377
1919,6,4,2015,1494,1384
1920,7,4,2015,1497,1386
1921,8,4,2015,1500,1389
1922,9,4,2015,1504,1392
1923,10,4,2015,1512,1401
1924,11,4,2015,1502,1392
1925,12,4,2015,1490,1380
1926,13,4,2015,1499,1389
1927,14,4,2015,1485,1375
1928,15,4,2015,1495,1384
1929,16,4,2015,1487,1378
1930,17,4,2015,1489,1379
1931,18,4,2015,1478,1370
1932,19,4,2015,1484,1376
1933,20,4,2015,1487,1378
1934,21,4,2015,1478,1370
1935,22,4,2015,1486,1377
1936,23,4,2015,1488,1378
1937,24,4,2015,1482,1373
1938,25,4,2015,1489,1379
1939,26,4,2015,1485,1376
1940,27,4,2015,1490,1381
1941,28,4,2015,1485,1376
1942,29,4,2015,1472,1364
1943,30,4,2015,1474,1365
1944,1,5,2015,1474,1366
1945,2,5,2015,1469,1361
1946,3,5,2015,1485,1376
1947,4,5,2015,1480,1371
1948,5,5,2015,1461,1354
1949,6,5,2015,1458,1350
1950,7,5,2015,1456,1349
1951,8,5,2015,1460,1352
1952,9,5,2015,1459,1352
1953,10,5,2015,1467,1359
1954,11,5,2015,1462,1354
1955,12,5,2015,1444,1338
1956,13,5,2015,1436,1330
1957,14,5,2015,1423,1318
1958,15,5,2015,1416,1312
1959,16,5,2015,1419,1315
1960,17,5,2015,1404,1300
1961,18,5,2015,1405,1301
1962,19,5,2015,1393,1291
1963,20,5,2015,1395,1293
1964,21,5,2015,1405,1301
1965,22,5,2015,1408,1304
1966,23,5,2015,1410,1306
1967,24,5,2015,1416,1312
1968,25,5,2015,1418,1313
1969,26,5,2015,1416,1312
1970,27,5,2015,1421,1316
1971,28,5,2015,1429,1323
1972,29,5,2015,1441,1334
1973,30,5,2015,1446,1339
1974,31,5,2015,1448,1341
1975,1,6,2015,1461,1354
1976,2,6,2015,1447,1341
1977,3,6,2015,1455,1348
1978,4,6,2015,1449,1343
1979,5,6,2015,1451,1344
1980,6,6,2015,1447,1340
1981,7,6,2015,1453,1345
1982,8,6,2015,1449,1342
1983,9,6,2015,1458,1351
1984,10,6,2015,1460,1352
1985,11,6,2015,1456,1349
1986,12,6,2015,1448,1342
1987,13,6,2015,1442,1335
1988,14,6,2015,1445,1338
1989,15,6,2015,1443,1336
1990,16,6,2015,1446,1340
1991,17,6,2015,1456,1349
1992,18,6,2015,1443,1337
1993,19,6,2015,1434,1328
1994,20,6,2015,1444,1338
1995,21,6,2015,1442,1335
1996,22,6,2015,1430,1325
1997,23,6,2015,1441,1335
1998,24,6,2015,1426,1321
1999,25,6,2015,1421,1316
2000,26,6,2015,1431,1325
2001,27,6,2015,1426,1320
2002,28,6,2015,1432,1327
2003,29,6,2015,1444,1337
2004,30,6,2015,1450,1344
2005,1,7,2015,1446,1339
2006,2,7,2015,1443,1337
2007,3,7,2015,1429,1324
2008,4,7,2015,1428,1323
2009,5,7,2015,1430,1325
2010,6,7,2015,1431,1325
2011,7,7,2015,1431,1325
2012,8,7,2015,1422,1317
2013,9,7,2015,1423,1318
2014,10,7,2015,1421,1316
2015,11,7,2015,1421,1316
2016,12,7,2015,1418,1314
2017,13,7,2015,1435,1329
2018,14,7,2015,1423,1318
2019,15,7,2015,1422,1317
2020,16,7,2015,1421,1316
2021,17,7,2015,1423,1317
2022,18,7,2015,1420,1315
2023,19,7,2015,1423,1318
2024,20,7,2015,1422,1318
2025,21,7,2015,1414,1309
2026,22,7,2015,1418,1313
2027,23,7,2015,1415,1310
2028,24,7,2015,1432,1326
2029,25,7,2015,1436,1329
2030,26,7,2015,1454,1346
2031,27,7,2015,1446,1340
2032,28,7,2015,1433,1327
2033,29,7,2015,1411,1306
2034,30,7,2015,1411,1307
2035,31,7,2015,1409,1305
2036,1,8,2015,1428,1321
2037,2,8,2015,1417,1312
2038,3,8,2015,1417,1313
2039,4,8,2015,1417,1312
2040,5,8,2015,1418,1313
2041,6,8,2015,1422,1317
2042,7,8,2015,1428,1323
2043,8,8,2015,1442,1335
2044,9,8,2015,1428,1322
2045,10,8,2015,1436,1330
2046,11,8,2015,1440,1334
2047,12,8,2015,1440,1333
2048,13,8,2015,1445,1338
2049,14,8,2015,1440,1334
2050,15,8,2015,1430,1324
2051,16,8,2015,1423,1318
2052,17,8,2015,1430,1325
2053,18,8,2015,1427,1321
2054,19,8,2015,1422,1317
2055,20,8,2015,1428,1322
2056,21,8,2015,1414,1308
2057,22,8,2015,1416,1311
2058,23,8,2015,1422,1316
2059,24,8,2015,1426,1321
2060,25,8,2015,1429,1323
2061,26,8,2015,1449,1340
2062,27,8,2015,1431,1325
2063,28,8,2015,1412,1306
2064,29,8,2015,1411,1306
2065,30,8,2015,1411,1307
2066,31,8,2015,1412,1306
2067,1,9,2015,1414,1310
2068,2,9,2015,1415,1310
2069,3,9,2015,1419,1314
2070,4,9,2015,1427,1321
2071,5,9,2015,1423,1318
2072,6,9,2015,1429,1321
2073,7,9,2015,1429,1323
2074,8,9,2015,1423,1317
2075,9,9,2015,1416,1312
2076,10,9,2015,1413,1309
2077,11,9,2015,1418,1314
2078,12,9,2015,1417,1313
2079,13,9,2015,1422,1317
2080,14,9,2015,1424,1319
2081,15,9,2015,1426,1320
2082,16,9,2015,1424,1318
2083,17,9,2015,1428,1323
2084,18,9,2015,1409,1306
2085,19,9,2015,1409,1305
2086,20,9,2015,1402,1298
2087,21,9,2015,1399,1296
2088,22,9,2015,1400,1297
2089,23,9,2015,1402,1298
2090,24,9,2015,1400,1298
2091,25,9,2015,1394,1291
2092,26,9,2015,1392,1290
2093,27,9,2015,1389,1287
2094,28,9,2015,1391,1288
2095,29,9,2015,1383,1280
2096,30,9,2015,1399,1296
2097,1,10,2015,1399,1296
2098,2,10,2015,1400,1296
2099,3,10,2015,1396,1293
2100,4,10,2015,1394,1290
2101,5,10,2015,1393,1290
2102,6,10,2015,1382,1281
2103,7,10,2015,1387,1284
2104,8,10,2015,1383,1281
2105,9,10,2015,1381,1279
2106,10,10,2015,1370,1269
2107,11,10,2015,1370,1269
2108,12,10,2015,1368,1267
2109,13,10,2015,1374,1273
2110,14,10,2015,1368,1267
2111,15,10,2015,1370,1269
2112,16,10,2015,1374,1273
2113,17,10,2015,1370,1269
2114,18,10,2015,1367,1266
2115,19,10,2015,1365,1264
2116,20,10,2015,1369,1268
2117,21,10,2015,1363,1263
2118,22,10,2015,1358,1258
2119,23,10,2015,1363,1262
2120,24,10,2015,1358,1258
2121,25,10,2015,1359,1258
2122,26,10,2015,1361,1261
2123,27,10,2015,1362,1262
2124,28,10,2015,1364,1263
2125,29,10,2015,1344,1245
2126,30,10,2015,1346,1247
2127,31,10,2015,1324,1227
2128,1,11,2015,1324,1227
2129,2,11,2015,1337,1237
2130,3,11,2015,1344,1245
2131,4,11,2015,1344,1245
2132,5,11,2015,1338,1240
2133,6,11,2015,1359,1259
2134,7,11,2015,1365,1265
2135,8,11,2015,1358,1258
2136,9,11,2015,1362,1261
2137,10,11,2015,1360,1259
2138,11,11,2015,1366,1265
2139,12,11,2015,1358,1258
2140,13,11,2015,1367,1267
2141,14,11,2015,1370,1269
2142,15,11,2015,1367,1266
2143,16,11,2015,1374,1273
2144,17,11,2015,1371,1270
2145,18,11,2015,1368,1267
2146,19,11,2015,1367,1267
2147,20,11,2015,1372,1271
2148,21,11,2015,1374,1272
2149,22,11,2015,1363,1263
2150,23,11,2015,1365,1264
2151,24,11,2015,1367,1267
2152,25,11,2015,1364,1263
2153,26,11,2015,1349,1250
2154,27,11,2015,1356,1256
2155,28,11,2015,1355,1256
2156,29,11,2015,1376,1274
2157,30,11,2015,1368,1267
2158,1,12,2015,1367,1266
2159,2,12,2015,1374,1273
2160,3,12,2015,1362,1261
2161,4,12,2015,1360,1259
2162,5,12,2015,1366,1265
2163,6,12,2015,1395,1292
2164,7,12,2015,1396,1293
2165,8,12,2015,1404,1300
2166,9,12,2015,1399,1296
2167,10,12,2015,1399,1295
2168,11,12,2015,1404,1301
2169,12,12,2015,1406,1302
2170,13,12,2015,1401,1297
2171,14,12,2015,1411,1307
2172,15,12,2015,1417,1313
2173,16,12,2015,1415,1310
2174,17,12,2015,1416,1311
2175,18,12,2015,1415,1310
2176,19,12,2015,1406,1302
2177,20,12,2015,1401,1298
2178,21,12,2015,1415,1311
2179,22,12,2015,1410,1306
2180,23,12,2015,1406,1302
2181,24,12,2015,1404,1301
2182,25,12,2015,1393,1291
2183,26,12,2015,1387,1285
2184,27,12,2015,1386,1284
2185,28,12,2015,1397,1294
2186,29,12,2015,1400,1296
2187,30,12,2015,1407,1304
2188,31,12,2015,1409,1306
2189,1,1,2016,1415,1311
2190,2,1,2016,1417,1313
2191,3,1,2016,1414,1310
2192,4,1,2016,1410,1306
2193,5,1,2016,1401,1298
2194,6,1,2016,1409,1305
2195,7,1,2016,1411,1307
2196,8,1,2016,1406,1301
2197,9,1,2016,1412,1307
2198,10,1,2016,1415,1311
2199,11,1,2016,1416,1312
2200,12,1,2016,1419,1314
2201,13,1,2016,1432,1326
2202,14,1,2016,1431,1325
2203,15,1,2016,1432,1326
2204,16,1,2016,1434,1328
2205,17,1,2016,1429,1323
2206,18,1,2016,1427,1321
2207,19,1,2016,1433,1328
2208,20,1,2016,1438,1332
2209,21,1,2016,1433,1328
2210,22,1,2016,1451,1344
2211,23,1,2016,1452,1344
2212,24,1,2016,1459,1350
2213,25,1,2016,1459,1352
2214,26,1,2016,1461,1352
2215,27,1,2016,1460,1353
2216,28,1,2016,1458,1350
2217,29,1,2016,1467,1359
2218,30,1,2016,1475,1367
2219,31,1,2016,1457,1349
2220,1,2,2016,1457,1350
2221,2,2,2016,1454,1347
2222,3,2,2016,1459,1351
2223,4,2,2016,1452,1345
2224,5,2,2016,1453,1345
2225,6,2,2016,1456,1349
2226,7,2,2016,1458,1349
2227,8,2,2016,1463,1355
2228,9,2,2016,1460,1352
2229,10,2,2016,1451,1344
2230,11,2,2016,1461,1353
2231,12,2,2016,1460,1352
2232,13,2,2016,1460,1352
2233,14,2,2016,1471,1362
2234,15,2,2016,1475,1366
2235,16,2,2016,1483,1374
2236,17,2,2016,1486,1377
2237,18,2,2016,1487,1377
2238,19,2,2016,1475,1366
2239,20,2,2016,1470,1362
2240,21,2,2016,1471,1362
2241,22,2,2016,1468,1359
2242,23,2,2016,1469,1360
2243,24,2,2016,1465,1357
2244,25,2,2016,1472,1363
2245,26,2,2016,1483,1371
2246,27,2,2016,1490,1380
2247,28,2,2016,1500,1390
2248,29,2,2016,1501,1390
2249,1,3,2016,1488,1378
2250,2,3,2016,1486,1377
2251,3,3,2016,1486,1376
2252,4,3,2016,1488,1378
2253,5,3,2016,1479,1370
2254,6,3,2016,1473,1364
2255,7,3,2016,1451,1343
2256,8,3,2016,1443,1336
2257,9,3,2016,1447,1341
2258,10,3,2016,1450,1343
2259,11,3,2016,1450,1343
2260,12,3,2016,1459,1352
2261,13,3,2016,1453,1346
2262,14,3,2016,1463,1355
2263,15,3,2016,1471,1363
2264,16,3,2016,1458,1351
2265,17,3,2016,1464,1355
2266,18,3,2016,1464,1356
2267,19,3,2016,1466,1358
2268,20,3,2016,1468,1359
2269,21,3,2016,1464,1354
2270,22,3,2016,1470,1360
2271,23,3,2016,1478,1370
2272,24,3,2016,1477,1368
2273,25,3,2016,1471,1360
2274,26,3,2016,1450,1343
2275,27,3,2016,1450,1343
2276,28,3,2016,1448,1341
2277,29,3,2016,1451,1344
2278,30,3,2016,1451,1344
2279,31,3,2016,1451,1344
2280,1,4,2016,1454,1345
2281,2,4,2016,1463,1355
2282,3,4,2016,1471,1362
2283,4,4,2016,1478,1369
2284,5,4,2016,1467,1358
2285,6,4,2016,1461,1350
2286,7,4,2016,1456,1349
2287,8,4,2016,1451,1344
2288,9,4,2016,1451,1343
2289,10,4,2016,1455,1348
2290,11,4,2016,1453,1346
2291,12,4,2016,1449,1343
2292,13,4,2016,1446,1339
2293,14,4,2016,1449,1343
2294,15,4,2016,1455,1348
2295,16,4,2016,1462,1354
2296,17,4,2016,1457,1349
2297,18,4,2016,1453,1346
2298,19,4,2016,1453,1346
2299,20,4,2016,1464,1357
2300,21,4,2016,1465,1357
2301,22,4,2016,1467,1359
2302,23,4,2016,1463,1355
2303,24,4,2016,1463,1355
2304,25,4,2016,1474,1365
2305,26,4,2016,1495,1385
2306,27,4,2016,1490,1380
2307,28,4,2016,1488,1379
2308,29,4,2016,1476,1368
2309,30,4,2016,1467,1357
2310,1,5,2016,1469,1361
2311,2,5,2016,1481,1371
2312,3,5,2016,1479,1370
2313,4,5,2016,1482,1373
2314,5,5,2016,1478,1369
2315,6,5,2016,1477,1367
2316,7,5,2016,1490,1380
2317,8,5,2016,1511,1399
2318,9,5,2016,1524,1411
2319,10,5,2016,1530,1417
2320,11,5,2016,1528,1415
2321,12,5,2016,1522,1410
2322,13,5,2016,1520,1408
2323,14,5,2016,1529,1416
2324,15,5,2016,1541,1428
2325,16,5,2016,1537,1424
2326,17,5,2016,1539,1426
2327,18,5,2016,1546,1432
2328,19,5,2016,1559,1444
2329,20,5,2016,1591,1473
2330,21,5,2016,1606,1488
2331,22,5,2016,1625,1505
2332,23,5,2016,1620,1501
2333,24,5,2016,1612,1493
2334,25,5,2016,1613,1494
2335,26,5,2016,1580,1464
2336,27,5,2016,1578,1462
2337,28,5,2016,1626,1506
2338,29,5,2016,1618,1498
2339,30,5,2016,1614,1495
2340,31,5,2016,1593,1475
2341,1,6,2016,1589,1472
2342,2,6,2016,1589,1472
2343,3,6,2016,1619,1500
2344,4,6,2016,1593,1475
2345,5,6,2016,1603,1485
2346,6,6,2016,1602,1484
2347,7,6,2016,1590,1472
2348,8,6,2016,1613,1494
2349,9,6,2016,1630,1511
2350,10,6,2016,1615,1496
2351,11,6,2016,1612,1492
2352,12,6,2016,1608,1489
2353,13,6,2016,1614,1496
2354,14,6,2016,1605,1487
2355,15,6,2016,1608,1490
2356,16,6,2016,1624,1504
2357,17,6,2016,1605,1488
2358,18,6,2016,1644,1523
2359,19,6,2016,1650,1528
2360,20,6,2016,1698,1572
2361,21,6,2016,1705,1578
2362,22,6,2016,1734,1606
2363,23,6,2016,1732,1604
2364,24,6,2016,1745,1616
2365,25,6,2016,1730,1602
2366,26,6,2016,1752,1623
2367,27,6,2016,1760,1630
2368,28,6,2016,1735,1606
2369,29,6,2016,1722,1595
2370,30,6,2016,1733,1605
2371,1,7,2016,1728,1600
2372,2,7,2016,1725,1598
2373,3,7,2016,1789,1658
2374,4,7,2016,1769,1638
2375,5,7,2016,1786,1654
2376,6,7,2016,1785,1653
2377,7,7,2016,1768,1639
2378,8,7,2016,1772,1641
2379,9,7,2016,1796,1663
2380,10,7,2016,1787,1655
2381,11,7,2016,1752,1623
2382,12,7,2016,1715,1588
2383,13,7,2016,1709,1583
2384,14,7,2016,1715,1588
2385,15,7,2016,1718,1591
2386,16,7,2016,1721,1592
2387,17,7,2016,1726,1599
2388,18,7,2016,1720,1593
2389,19,7,2016,1730,1602
2390,20,7,2016,1739,1611
2391,21,7,2016,1748,1619
2392,22,7,2016,1764,1634
2393,23,7,2016,1741,1613
2394,24,7,2016,1736,1608
2395,25,7,2016,1725,1598
2396,26,7,2016,1699,1574
2397,27,7,2016,1706,1580
2398,28,7,2016,1728,1601
2399,29,7,2016,1735,1607
2400,30,7,2016,1737,1609
2401,31,7,2016,1720,1593
2402,1,8,2016,1742,1613
2403,2,8,2016,1743,1615
2404,3,8,2016,1721,1594
2405,4,8,2016,1708,1582
2406,5,8,2016,1718,1591
2407,6,8,2016,1710,1584
2408,7,8,2016,1718,1591
2409,8,8,2016,1716,1590
2410,9,8,2016,1717,1590
2411,10,8,2016,1707,1582
2412,11,8,2016,1718,1592
2413,12,8,2016,1719,1593
2414,13,8,2016,1732,1605
2415,14,8,2016,1718,1591
2416,15,8,2016,1713,1587
2417,16,8,2016,1718,1592
2418,17,8,2016,1739,1611
2419,18,8,2016,1732,1605
2420,19,8,2016,1720,1593
2421,20,8,2016,1688,1564
2422,21,8,2016,1701,1575
2423,22,8,2016,1664,1541
2424,23,8,2016,1663,1541
2425,24,8,2016,1661,1538
2426,25,8,2016,1665,1542
2427,26,8,2016,1674,1550
2428,27,8,2016,1679,1556
2429,28,8,2016,1678,1554
2430,29,8,2016,1688,1564
2431,30,8,2016,1686,1562
2432,31,8,2016,1693,1568
2433,1,9,2016,1680,1556
2434,2,9,2016,1678,1554
2435,3,9,2016,1672,1548
2436,4,9,2016,1679,1555
2437,5,9,2016,1673,1549
2438,6,9,2016,1672,1548
2439,7,9,2016,1679,1555
2440,8,9,2016,1679,1555
2441,9,9,2016,1700,1574
2442,10,9,2016,1694,1569
2443,11,9,2016,1692,1567
2444,12,9,2016,1673,1550
2445,13,9,2016,1672,1549
2446,14,9,2016,1676,1552
2447,15,9,2016,1669,1545
2448,16,9,2016,1681,1556
2449,17,9,2016,1683,1559
2450,18,9,2016,1682,1558
2451,19,9,2016,1681,1557
2452,20,9,2016,1685,1560
2453,21,9,2016,1685,1561
2454,22,9,2016,1693,1569
2455,23,9,2016,1705,1580
2456,24,9,2016,1718,1592
2457,25,9,2016,1718,1591
2458,26,9,2016,1711,1584
2459,27,9,2016,1710,1583
2460,28,9,2016,1721,1595
2461,29,9,2016,1771,1640
2462,30,9,2016,1764,1635
2463,1,10,2016,1808,1675
2464,2,10,2016,1750,1621
2465,3,10,2016,1747,1618
2466,4,10,2016,1746,1618
2467,5,10,2016,1722,1595
2468,6,10,2016,1739,1611
2469,7,10,2016,1743,1615
2470,8,10,2016,1736,1608
2471,9,10,2016,1740,1611
2472,10,10,2016,1745,1617
2473,11,10,2016,1746,1617
2474,12,10,2016,1748,1618
2475,13,10,2016,1749,1622
2476,14,10,2016,1776,1643
2477,15,10,2016,1762,1631
2478,16,10,2016,1772,1641
2479,17,10,2016,1771,1641
2480,18,10,2016,1794,1662
2481,19,10,2016,1788,1656
2482,20,10,2016,1756,1626
2483,21,10,2016,1763,1634
2484,22,10,2016,1779,1648
2485,23,10,2016,1795,1663
2486,24,10,2016,1792,1660
2487,25,10,2016,1782,1651
2488,26,10,2016,1790,1658
2489,27,10,2016,1798,1666
2490,28,10,2016,1805,1672
2491,29,10,2016,1808,1674
2492,30,10,2016,1829,1694
2493,31,10,2016,1846,1709
2494,1,11,2016,1870,1730
2495,2,11,2016,1930,1788
2496,3,11,2016,1911,1770
2497,4,11,2016,1913,1771
2498,5,11,2016,1915,1773
2499,6,11,2016,1906,1765
2500,7,11,2016,1840,1704
2501,8,11,2016,1840,1705
2502,9,11,2016,1897,1757
2503,10,11,2016,1882,1743
2504,11,11,2016,1920,1777
2505,12,11,2016,1960,1816
2506,13,11,2016,1940,1797
2507,14,11,2016,1932,1790
2508,15,11,2016,1924,1780
2509,16,11,2016,1863,1724
2510,17,11,2016,1837,1699
2511,18,11,2016,1796,1664
2512,19,11,2016,1845,1707
2513,20,11,2016,1799,1665
2514,21,11,2016,1791,1659
2515,22,11,2016,1816,1681
2516,23,11,2016,1911,1769
2517,24,11,2016,1998,1850
2518,25,11,2016,1951,1805
2519,26,11,2016,1935,1788
2520,27,11,2016,1943,1795
2521,28,11,2016,1932,1785
2522,29,11,2016,1871,1733
2523,30,11,2016,1917,1775
2524,1,12,2016,1937,1792
2525,2,12,2016,1954,1807
2526,3,12,2016,1990,1841
2527,4,12,2016,1975,1827
2528,5,12,2016,1970,1822
2529,6,12,2016,2004,1852
2530,7,12,2016,2010,1858
2531,8,12,2016,2048,1894
2532,9,12,2016,2060,1904
2533,10,12,2016,2057,1903
2534,11,12,2016,2062,1905
2535,12,12,2016,2017,1866
2536,13,12,2016,2043,1888
2537,14,12,2016,2042,1890
2538,15,12,2016,2059,1905
2539,16,12,2016,2075,1920
2540,17,12,2016,2069,1917
2541,18,12,2016,2052,1899
2542,19,12,2016,2050,1896
2543,20,12,2016,2047,1893
2544,21,12,2016,2035,1883
2545,22,12,2016,2022,1870
2546,23,12,2016,2019,1868
2547,24,12,2016,2028,1878
2548,25,12,2016,2177,2104
2549,26,12,2016,2032,1880
2550,27,12,2016,2039,1886
2551,28,12,2016,2053,1901
2552,29,12,2016,2068,1915
2553,30,12,2016,2110,1952
2554,31,12,2016,2076,1921
2555,1,1,2017,2091,1935
2556,2,1,2017,2094,1939
2557,3,1,2017,2072,1917
2558,4,1,2017,2051,1898
2559,5,1,2017,2052,1899
2560,6,1,2017,2063,1909
2561,7,1,2017,2077,1924
2562,8,1,2017,2066,1911
2563,9,1,2017,2025,1873
2564,10,1,2017,1995,1847
2565,11,1,2017,2014,1864
2566,12,1,2017,1986,1837
2567,13,1,2017,2017,1869
2568,14,1,2017,2032,1881
2569,15,1,2017,2036,1884
2570,16,1,2017,2041,1887
2571,17,1,2017,2027,1875
2572,18,1,2017,2035,1883
2573,19,1,2017,2036,1884
2574,20,1,2017,2033,1881
2575,21,1,2017,2063,1909
2576,22,1,2017,2064,1911
2577,23,1,2017,2084,1931
2578,24,1,2017,2078,1923
2579,25,1,2017,2078,1924
2580,26,1,2017,2096,1939
2581,27,1,2017,2089,1935
2582,28,1,2017,2101,1945
2583,29,1,2017,2085,1931
2584,30,1,2017,2095,1940
2585,31,1,2017,2095,1939
2586,1,2,2017,2100,1945
2587,2,2,2017,2113,1957
2588,3,2,2017,2123,1965
2589,4,2,2017,2119,1961
2590,5,2,2017,2115,1957
2591,6,2,2017,2115,1959
2592,7,2,2017,2125,1968
2593,8,2,2017,2127,1970
2594,9,2,2017,2115,1958
2595,10,2,2017,2123,1966
2596,11,2,2017,2130,1972
2597,12,2,2017,2157,1998
2598,13,2,2017,2194,2032
2599,14,2,2017,2208,2045
2600,15,2,2017,2247,2082
2601,16,2,2017,2297,2127
2602,17,2,2017,2290,2121
2603,18,2,2017,2295,2125
2604,19,2,2017,2312,2141
2605,20,2,2017,2297,2126
2606,21,2,2017,2350,2177
2607,22,2,2017,2349,2175
2608,23,2,2017,2384,2208
2609,24,2,2017,2346,2173
2610,25,2,2017,2340,2168
2611,26,2,2017,2216,2050
2612,27,2,2017,2224,2060
2613,28,2,2017,2261,2092
2614,1,3,2017,2235,2068
2615,2,3,2017,2286,2117
2616,3,3,2017,2305,2135
2617,4,3,2017,2246,2080
2618,5,3,2017,2218,2054
2619,6,3,2017,2212,2049
2620,7,3,2017,2239,2074
2621,8,3,2017,2212,2048
2622,9,3,2017,2257,2088
2623,10,3,2017,2257,2088
2624,11,3,2017,2252,2085
2625,12,3,2017,2219,2055
2626,13,3,2017,2208,2045
2627,14,3,2017,2210,2046
2628,15,3,2017,2208,2043
2629,16,3,2017,2218,2054
2630,17,3,2017,2230,2065
2631,18,3,2017,4109,2054
2632,19,3,2017,2228,2064
2633,20,3,2017,2223,2057
2634,21,3,2017,2231,2066
2635,22,3,2017,2227,2063
2636,23,3,2017,2217,2053
2637,24,3,2017,2211,2047
2638,25,3,2017,2182,2018
2639,26,3,2017,2166,2006
2640,27,3,2017,2133,1974
2641,28,3,2017,2142,1981
2642,29,3,2017,4193,1978
2643,30,3,2017,2183,2001
2644,31,3,2017,2167,2006
2645,1,4,2017,2155,1996
2646,2,4,2017,2176,2016
2647,3,4,2017,2178,2014
2648,4,4,2017,2186,2024
2649,5,4,2017,2153,1992
2650,6,4,2017,2158,1997
2651,7,4,2017,2172,2009
2652,8,4,2017,2194,2032
2653,9,4,2017,2196,2031
2654,10,4,2017,2160,2001
2655,11,4,2017,2169,2008
2656,12,4,2017,2169,2008
2657,13,4,2017,2169,2008
2658,14,4,2017,2169,2009
2659,15,4,2017,2183,2021
2660,16,4,2017,2192,2030
2661,17,4,2017,2172,2012
2662,18,4,2017,2176,2011
2663,19,4,2017,2183,2021
2664,20,4,2017,2186,2022
2665,21,4,2017,2139,1979
2666,22,4,2017,2148,1989
2667,23,4,2017,2165,2006
2668,24,4,2017,2188,2025
2669,25,4,2017,2177,2104
2670,26,4,2017,2186,2024
2671,27,4,2017,2186,2054
2672,28,4,2017,2124,1965
2673,29,4,2017,2132,1972
2674,30,4,2017,2120,1963
2675,1,5,2017,2134,1976
2676,2,5,2017,2144,1984
2677,3,5,2017,2137,1980
2678,4,5,2017,2122,1966
2679,5,5,2017,2112,1955
2680,6,5,2017,2102,1945
2681,7,5,2017,2110,1953
2682,8,5,2017,2065,1913
2683,9,5,2017,2035,1882
2684,10,5,2017,2036,1885
2685,11,5,2017,2026,1877
2686,12,5,2017,2001,1853
2687,13,5,2017,1996,1849
2688,14,5,2017,2033,1882
2689,15,5,2017,2051,1899
2690,16,5,2017,2060,1905
2691,17,5,2017,2065,1907
2692,18,5,2017,2089,1934
2693,19,5,2017,2095,1940
2694,20,5,2017,2057,1905
2695,21,5,2017,2051,1900
2696,22,5,2017,2047,1894
2697,23,5,2017,2041,1888
2698,24,5,2017,2065,1912
2699,25,5,2017,2077,1924
2700,26,5,2017,2094,1938
2701,27,5,2017,2099,1944
2702,28,5,2017,2094,1940
2703,29,5,2017,2082,1928
2704,30,5,2017,2092,1937
2705,31,5,2017,2109,1955
2706,1,6,2017,2095,1940
2707,2,6,2017,2094,1939
2708,3,6,2017,2104,1948
2709,4,6,2017,2113,1955
2710,5,6,2017,2145,1985
2711,6,6,2017,2152,1991
2712,7,6,2017,2126,1968
2713,8,6,2017,2132,1975
2714,9,6,2017,2054,1902
2715,10,6,2017,2059,1904
2716,11,6,2017,2072,1918
2717,12,6,2017,2056,1903
2718,13,6,2017,2054,1900
2719,14,6,2017,2022,1872
2720,15,6,2017,2046,1894
2721,16,6,2017,2053,1901
2722,17,6,2017,2080,1925
2723,18,6,2017,2075,1922
2724,19,6,2017,2067,1914
2725,20,6,2017,2063,1911
2726,21,6,2017,2057,1906
2727,22,6,2017,2055,1903
2728,23,6,2017,2060,1906
2729,24,6,2017,2071,1916
2730,25,6,2017,2045,1895
2731,26,6,2017,2045,1895
2732,27,6,2017,2009,1858
2733,28,6,2017,2030,1880
2734,29,6,2017,2049,1896
2735,30,6,2017,2046,1894
2736,1,7,2017,2049,1898
2737,2,7,2017,2025,1876
2738,3,7,2017,2021,1872
2739,4,7,2017,1990,1843
2740,5,7,2017,1975,1829
2741,6,7,2017,1969,1823
2742,7,7,2017,1984,1838
2743,8,7,2017,2012,1864
2744,9,7,2017,2009,1861
2745,10,7,2017,2005,1858
2746,11,7,2017,1975,1828
2747,12,7,2017,1942,1799
2748,13,7,2017,1921,1779
2749,14,7,2017,1939,1795
2750,15,7,2017,1911,1768
2751,16,7,2017,1894,1752
2752,17,7,2017,1914,1770
2753,18,7,2017,1907,1765
2754,19,7,2017,1945,1802
2755,20,7,2017,1959,1813
2756,21,7,2017,1949,1804
2757,22,7,2017,1956,1812
2758,23,7,2017,1961,1815
2759,24,7,2017,1961,1816
2760,25,7,2017,1980,1833
2761,26,7,2017,1966,1820
2762,27,7,2017,1970,1824
2763,28,7,2017,1969,1823
2764,29,7,2017,1964,1819
2765,30,7,2017,1974,1829
2766,31,7,2017,1973,1828
2767,1,8,2017,1976,1830
2768,2,8,2017,1950,1806
2769,3,8,2017,1925,1783
2770,4,8,2017,1948,1805
2771,5,8,2017,1973,1827
2772,6,8,2017,1969,1824
2773,7,8,2017,1968,1822
2774,8,8,2017,1979,1833
2775,9,8,2017,1977,1830
2776,10,8,2017,1995,1848
2777,11,8,2017,1982,1835
2778,12,8,2017,1968,1824
2779,13,8,2017,1985,1838
2780,14,8,2017,1972,1827
2781,15,8,2017,2004,1856
2782,16,8,2017,2020,1871
2783,17,8,2017,2011,1862
2784,18,8,2017,2016,1867
2785,19,8,2017,2033,1883
2786,20,8,2017,2020,1871
2787,21,8,2017,2008,1861
2788,22,8,2017,2010,1862
2789,23,8,2017,2001,1853
2790,24,8,2017,2001,1851
2791,25,8,2017,1995,1848
2792,26,8,2017,2023,1873
2793,27,8,2017,2017,1868
2794,28,8,2017,2026,1874
2795,29,8,2017,2070,1915
2796,30,8,2017,2077,1923
2797,31,8,2017,2081,1928
2798,1,9,2017,2100,1944
2799,2,9,2017,2125,1967
2800,3,9,2017,2122,1965
2801,4,9,2017,2132,1974
2802,5,9,2017,2139,1979
2803,6,9,2017,2146,1987
2804,7,9,2017,2141,1982
2805,8,9,2017,2161,2001
2806,9,9,2017,2162,2003
2807,10,9,2017,2174,2011
2808,11,9,2017,2165,2005
2809,12,9,2017,2155,1996
2810,13,9,2017,2164,2004
2811,14,9,2017,2126,1969
2812,15,9,2017,2155,1996
2813,16,9,2017,2150,1991
2814,17,9,2017,2138,1980
2815,18,9,2017,2152,1993
2816,19,9,2017,2119,1962
2817,20,9,2017,2113,1957
2818,21,9,2017,2105,1950
2819,22,9,2017,2071,1917
2820,23,9,2017,2027,1877
2821,24,9,2017,2019,1870
2822,25,9,2017,2035,1884
2823,26,9,2017,2033,1881
2824,27,9,2017,2037,1885
2825,28,9,2017,2033,1882
2826,29,9,2017,2029,1879
2827,30,9,2017,2013,1864
2828,1,10,2017,2021,1872
2829,2,10,2017,2042,1890
2830,3,10,2017,2050,1899
2831,4,10,2017,2056,1905
2832,5,10,2017,2068,1916
2833,6,10,2017,2074,1923
2834,7,10,2017,2080,1927
2835,8,10,2017,2085,1932
2836,9,10,2017,2088,1934
2837,10,10,2017,2116,1961
2838,11,10,2017,2104,1948
2839,12,10,2017,2104,1948
2840,13,10,2017,2098,1942
2841,14,10,2017,2101,1946
2842,15,10,2017,2093,1939
2843,16,10,2017,2090,1937
2844,17,10,2017,2104,1949
2845,18,10,2017,2132,1972
2846,19,10,2017,2109,1953
2847,20,10,2017,2107,1951
2848,21,10,2017,2107,1952
2849,22,10,2017,2105,1950
2850,23,10,2017,2091,1936
2851,24,10,2017,2003,1854
2852,25,10,2017,2012,1863
2853,26,10,2017,2044,1892
2854,27,10,2017,2042,1893
2855,28,10,2017,2075,1922
2856,29,10,2017,2084,1929
2857,30,10,2017,2088,1932
2858,31,10,2017,2083,1929
2859,1,11,2017,2077,1923
2860,2,11,2017,2071,1918
2861,3,11,2017,2096,1941
2862,4,11,2017,2088,1935
2863,5,11,2017,2071,1919
2864,6,11,2017,2071,1918
2865,7,11,2017,2092,1937
2866,8,11,2017,2072,1919
2867,9,11,2017,2073,1920
2868,10,11,2017,2066,1914
2869,11,11,2017,2084,1929
2870,12,11,2017,2084,1930
2871,13,11,2017,2056,1905
2872,14,11,2017,2045,1894
2873,15,11,2017,2050,1898
2874,16,11,2017,2038,1886
2875,17,11,2017,2046,1895
2876,18,11,2017,2066,1913
2877,19,11,2017,2018,1869
2878,20,11,2017,2036,1886
2879,21,11,2017,2046,1895
2880,22,11,2017,2008,1861
2881,23,11,2017,2018,1869
2882,24,11,2017,2018,1869
2883,25,11,2017,1999,1851
2884,26,11,2017,1996,1848
2885,27,11,2017,2016,1867
2886,28,11,2017,2030,1877
2887,29,11,2017,2030,1880
2888,30,11,2017,2022,1872
2889,1,12,2017,2028,1879
2890,2,12,2017,2018,1870
2891,3,12,2017,2020,1868
2892,4,12,2017,2012,1863
2893,5,12,2017,2020,1871
2894,6,12,2017,2048,1896
2895,7,12,2017,2053,1902
2896,8,12,2017,2025,1876
2897,9,12,2017,2022,1873
2898,10,12,2017,2037,1888
2899,11,12,2017,2042,1891
2900,12,12,2017,2050,1899
2901,13,12,2017,2063,1912
2902,14,12,2017,2048,1897
2903,15,12,2017,2051,1900
2904,16,12,2017,2051,1899
2905,17,12,2017,2033,1883
2906,18,12,2017,2045,1894
2907,19,12,2017,2042,1892
2908,20,12,2017,2050,1899
2909,21,12,2017,2075,1921
2910,22,12,2017,2084,1931
2911,23,12,2017,2090,1937
2912,24,12,2017,2119,1962
2913,25,12,2017,2135,1978
2914,26,12,2017,2137,1979
2915,27,12,2017,2136,1979
2916,28,12,2017,2127,1971
2917,29,12,2017,2146,1987
2918,30,12,2017,2139,1981
2919,31,12,2017,2127,1970
2920,1,1,2018,2085,1931
2921,2,1,2018,2070,1918
2922,3,1,2018,2077,1925
2923,4,1,2018,2085,1931
2924,5,1,2018,2089,1934
2925,6,1,2018,2082,1929
2926,7,1,2018,2053,1902
2927,8,1,2018,2067,1915
2928,9,1,2018,2061,1910
2929,10,1,2018,2078,1925
2930,11,1,2018,2075,1922
2931,12,1,2018,2075,1923
2932,13,1,2018,2071,1918
2933,14,1,2018,2064,1912
2934,15,1,2018,2067,1915
2935,16,1,2018,2078,1923
2936,17,1,2018,2065,1914
2937,18,1,2018,2071,1917
2938,19,1,2018,2086,1932
2939,20,1,2018,2098,1940
2940,21,1,2018,2083,1930
2941,22,1,2018,2090,1934
2942,23,1,2018,2092,1936
2943,24,1,2018,2088,1934
2944,25,1,2018,2086,1932
2945,26,1,2018,2076,1923
2946,27,1,2018,2073,1919
2947,28,1,2018,2087,1933
2948,29,1,2018,2095,1941
2949,30,1,2018,2076,1923
2950,31,1,2018,2091,1937
2951,1,2,2018,2091,1937
2952,2,2,2018,2079,1926
2953,3,2,2018,2073,1921
2954,4,2,2018,2084,1931
2955,5,2,2018,2100,1944
2956,6,2,2018,2095,1941
2957,7,2,2018,2094,1940
2958,8,2,2018,2092,1938
2959,9,2,2018,2091,1937
2960,10,2,2018,2122,1966
2961,11,2,2018,2121,1965
2962,12,2,2018,2112,1957
2963,13,2,2018,2131,1974
2964,14,2,2018,2105,1950
2965,15,2,2018,2079,1924
2966,16,2,2018,2076,1922
2967,17,2,2018,2086,1933
2968,18,2,2018,2096,1941
2969,19,2,2018,2101,1947
2970,20,2,2018,2109,1954
2971,21,2,2018,2106,1951
2972,22,2,2018,2144,1986
2973,23,2,2018,2157,1998
2974,24,2,2018,2132,1975
2975,25,2,2018,2153,1995
2976,26,2,2018,2188,2027
2977,27,2,2018,2199,2035
2978,28,2,2018,2202,2041
2979,1,3,2018,2186,2025
2980,2,3,2018,2201,2040
2981,3,3,2018,2204,2041
2982,4,3,2018,2211,2045
2983,5,3,2018,2201,2039
2984,6,3,2018,2245,2080
2985,7,3,2018,2225,2060
2986,8,3,2018,2236,2071
2987,9,3,2018,2287,2118
2988,10,3,2018,2302,2133
2989,11,3,2018,2354,2181
2990,12,3,2018,2288,2120
2991,13,3,2018,2277,2108
2992,14,3,2018,2257,2091
2993,15,3,2018,2224,2060
2994,16,3,2018,2223,2059
2995,17,3,2018,2243,2077
2996,18,3,2018,2219,2055
2997,19,3,2018,2241,2076
2998,20,3,2018,2225,2061
2999,21,3,2018,2262,2095
3000,22,3,2018,2279,2111
3001,23,3,2018,2269,2102
3002,24,3,2018,2232,2067
3003,25,3,2018,2221,2058
3004,26,3,2018,2233,2068
3005,27,3,2018,2234,2069
3006,28,3,2018,2243,2078
3007,29,3,2018,2230,2066
3008,30,3,2018,2234,2070
3009,31,3,2018,2245,2080
3010,1,4,2018,2261,2095
3011,2,4,2018,2277,2109
3012,3,4,2018,2288,2119
3013,4,4,2018,2297,2127
3014,5,4,2018,2301,2130
3015,6,4,2018,2314,2144
3016,7,4,2018,2290,2121
3017,8,4,2018,2305,2133
3018,9,4,2018,2312,2141
3019,10,4,2018,2303,2133
3020,11,4,2018,2276,2108
3021,12,4,2018,2285,2116
3022,13,4,2018,2261,2095
3023,14,4,2018,2278,2109
3024,15,4,2018,2264,2097
3025,16,4,2018,2247,2081
3026,17,4,2018,2263,2096
3027,18,4,2018,2235,2070
3028,19,4,2018,2212,2049
3029,20,4,2018,2234,2069
3030,21,4,2018,2205,2042
3031,22,4,2018,2212,2047
3032,23,4,2018,2193,2030
3033,24,4,2018,2200,2038
3034,25,4,2018,2228,2063
3035,26,4,2018,2231,2067
3036,27,4,2018,2240,2075
3037,28,4,2018,2253,2087
3038,29,4,2018,2241,2076
3039,30,4,2018,2238,2074
3040,1,5,2018,2230,2066
3041,2,5,2018,2226,2061
3042,3,5,2018,2211,2048
3043,4,5,2018,2233,2069
3044,5,5,2018,2256,2089
3045,6,5,2018,2225,2059
3046,7,5,2018,2239,2073
3047,8,5,2018,2241,2076
3048,9,5,2018,2236,2071
3049,10,5,2018,2274,2107
3050,11,5,2018,2219,2054
3051,12,5,2018,2202,2039
3052,13,5,2018,2221,2058
3053,14,5,2018,2236,2072
3054,15,5,2018,2227,2063
3055,16,5,2018,2226,2062
3056,17,5,2018,2215,2052
3057,18,5,2018,2226,2062
3058,19,5,2018,2213,2050
3059,20,5,2018,2215,2051
3060,21,5,2018,2211,2048
3061,22,5,2018,2203,2041
3062,23,5,2018,2203,2041
3063,24,5,2018,2190,2028
3064,25,5,2018,2195,2034
3065,26,5,2018,2196,2034
3066,27,5,2018,2153,1995
3067,28,5,2018,2118,1962
3068,29,5,2018,2121,1964
3069,30,5,2018,2116,1960
3070,31,5,2018,2106,1951
3071,1,6,2018,2093,1938
3072,2,6,2018,2086,1932
3073,3,6,2018,2092,1937
3074,4,6,2018,2094,1940
3075,5,6,2018,2076,1924
3076,6,6,2018,2106,1951
3077,7,6,2018,2111,1955
3078,8,6,2018,2106,1952
3079,9,6,2018,2130,1973
3080,10,6,2018,2147,1989
3081,11,6,2018,2159,2000
3082,12,6,2018,2171,2011
3083,13,6,2018,2157,1999
3084,14,6,2018,2163,2004
3085,15,6,2018,2196,2034
3086,16,6,2018,2177,2014
3087,17,6,2018,2194,2033
3088,18,6,2018,2199,2037
3089,19,6,2018,2186,2026
3090,20,6,2018,2188,2027
3091,21,6,2018,2201,2039
3092,22,6,2018,2185,2024
3093,23,6,2018,2181,2021
3094,24,6,2018,2170,2010
3095,25,6,2018,2164,2005
3096,26,6,2018,2154,1996
3097,27,6,2018,2144,1986
3098,28,6,2018,2156,1997
3099,29,6,2018,2161,2003
3100,30,6,2018,2159,2001
3101,1,7,2018,2138,1982
3102,2,7,2018,2146,1988
3103,3,7,2018,2107,1952
3104,4,7,2018,2096,1942
3105,5,7,2018,2110,1954
3106,6,7,2018,2119,1963
3107,7,7,2018,2109,1954
3108,8,7,2018,2125,1968
3109,9,7,2018,2119,1963
3110,10,7,2018,2124,1968
3111,11,7,2018,2140,1983
3112,12,7,2018,2116,1961
3113,13,7,2018,2114,1958
3114,14,7,2018,2093,1938
3115,15,7,2018,2101,1946
3116,16,7,2018,2091,1938
3117,17,7,2018,2090,1937
3118,18,7,2018,2103,1948
3119,19,7,2018,2074,1922
3120,20,7,2018,2065,1913
3121,21,7,2018,2068,1917
3122,22,7,2018,2106,1951
3123,23,7,2018,2106,1951
3124,24,7,2018,2122,1965
3125,25,7,2018,2126,1969
3126,26,7,2018,2172,2011
3127,27,7,2018,2203,2040
3128,28,7,2018,2193,2031
3129,29,7,2018,2187,2026
3130,30,7,2018,2145,1986
3131,31,7,2018,2138,1981
3132,1,8,2018,2155,1997
3133,2,8,2018,2147,1990
3134,3,8,2018,2133,1976
3135,4,8,2018,2143,1983
3136,5,8,2018,2144,1986
3137,6,8,2018,2116,1961
3138,7,8,2018,2116,1960
3139,8,8,2018,2156,1997
3140,9,8,2018,2148,1991
3141,10,8,2018,2161,2002
3142,11,8,2018,2157,1997
3143,12,8,2018,2137,1979
3144,13,8,2018,2125,1968
3145,14,8,2018,2150,1991
3146,15,8,2018,2134,1976
3147,16,8,2018,2129,1972
3148,17,8,2018,2185,2023
3149,18,8,2018,2183,2021
3150,19,8,2018,2227,2063
3151,20,8,2018,2205,2041
3152,21,8,2018,2244,2078
3153,22,8,2018,2242,2073
3154,23,8,2018,2236,2069
3155,24,8,2018,2221,2055
3156,25,8,2018,2220,2054
3157,26,8,2018,2205,2037
3158,27,8,2018,2196,2032
3159,28,8,2018,2195,2030
3160,29,8,2018,2203,2038
3161,30,8,2018,2163,2002
3162,31,8,2018,2151,1990
3163,1,9,2018,2173,2010
3164,2,9,2018,2164,1999
3165,3,9,2018,2175,2015
3166,4,9,2018,2172,2010
3167,5,9,2018,2138,1977
3168,6,9,2018,2143,1983
3169,7,9,2018,2160,1998
3170,8,9,2018,2163,2001
3171,9,9,2018,2180,2015
3172,10,9,2018,2168,2008
3173,11,9,2018,2199,2034
3174,12,9,2018,2189,2024
3175,13,9,2018,2166,2003
3176,14,9,2018,2184,2018
3177,15,9,2018,2178,2015
3178,16,9,2018,2220,2054
3179,17,9,2018,2217,2052
3180,18,9,2018,2188,2024
3181,19,9,2018,2194,2030
3182,20,9,2018,2207,2042
3183,21,9,2018,2202,2037
3184,22,9,2018,2207,2042
